PerchType5,PerchH5,Water5,Crops5,CropType5,Water11,Crops11,CropType11,Wire100,WoodyPerches100,NonnatPerches100,Ditches100,DitchWavg100,GrassWavg100,GrassHavg100,Wire250,WoodyPerches250,NonnatPerches250,Ditches250,DitchWavg250,GrassWavg250,GrassHavg250
stubble,0.05,0,1,rice,0,1,rice,0,0,0,0,0,0,0,0,0,0,0,0,0,0
stubble,0.1,0,1,soy,0,1,soy,0,0,0,0,0,0,0,0,0,0,0,0,0,0
stubble,0.12,0,1,rice,0,1,rice,0,1,0,1,5,0.5,0.01,0,1,0,1,5,0.5,0.01
stubble,0.15,0,1,soy,0,1,soy,0,2,0,1,10,10,0.5,0,2,3,1,10,10,0.5
stubble,0.15,0,1,rice,0,1,rice,0,0,0,0,0,0,0,0,101,1,1,3,3,1.2
stubble,0.2,0,1,cotton,0,1,cotton,0,0,0,0,0,0,0,0,101,0,0,0,0,0
stubble,0.2,0,1,rice,0,1,rice,0,0,0,1,8.7,8.8,0.7,0,3,1,1,8.7,8.8,0.7
stubble,0.2,0,1,soy,0,1,soy,0,0,0,0,0,0,0,0,0,0,0,0,0,0
stubble,0.2,1,1,rice,1,1,rice,0,0,0,0,0,0,0,0,0,0,0,0,0,0
stubble,0.22,0,1,rice,0,1,rice,0,0,0,0,0,0,0,0,0,0,0,0,0,0
stubble,0.25,0,1,rice,0,1,rice,0,0,0,0,0,0,0,0,0,0,0,0,0,0
stubble,0.25,1,1,cotton,1,1,cotton,0,16,3,3,6.833333333,2.266666667,0.49,0,24,6,3,6.833333333,2.266666667,0.49
stubble,0.26,0,1,corn,0,1,corn,0,0,4,0,0,0,0,0,0,4,0,0,0,0
stubble,0.3,0,1,cotton,0,1,cotton,0,0,0,0,0,0,0,0,0,3,1,3,1,0.3
stubble,0.35,0,1,rice,0,1,rice,0,0,0,0,0,0,0,0,0,0,0,0,0,0
stubble,0.4,0,1,corn,0,1,corn,0,22,4,3,2.833333333,2.333333333,0.366666667,0,46,6,3,2.833333333,2.333333333,0.366666667
stubble,0.4,0,1,cotton,0,1,cotton,0,0,0,0,0,0,0,0,0,0,0,0,0,0
stubble,0.4,0,1,cotton,0,1,cotton,0,11,0,0,0,0,0,0,20,0,0,0,0,0
natural,0.4,1,1,soy,1,1,soy,0,0,0,1,3,2,0.01,0,0,0,1,3,2,0.01
stubble,0.45,0,1,cotton,0,1,cotton,0,0,0,0,0,0,0,0,0,0,2,2,2.5,0.1
stubble,0.5,0,1,cotton,0,1,cotton,0,22,4,3,2.833333333,2.333333333,0.366666667,0,46,6,3,2.833333333,2.333333333,0.366666667
anthropogenic,0.5,0,1,rice,0,1,rice,0,0,0,0,0,0,0,0,0,0,0,0,0,0
stubble,0.5,0,1,corn,0,1,corn,0,0,0,0,0,0,0,0,0,0,0,0,0,0
stubble,0.5,0,1,cotton,0,1,cotton,0,0,3,0,0,0,0,0,0,3,0,0,0,0
natural,0.75,1,1,rice,1,1,rice,0,1,1,2,2.125,25,0.5,0,6,3,2,2.125,13,0.375
natural,0.85,1,1,fallow,1,1,fallow,0,0,2,1,8.7,8.8,0.7,0,6,2,2,7.7,10.05,0.75
anthropogenic,1,0,0,none,0,1,soy,0,0,3,0,0,0,0,0,0,4,0,0,0,0
natural,3,0,0,none,0,1,rice,0,1,0,0,0,10,0.2,0,3,3,0,0,10,0.2
natural,3,0,0,none,1,0,none,0,51,1,1,13,4.5,0.5,0,101,2,1,13,4.5,0.5
wire,9,1,1,fallow,1,1,fallow,0,25,1,0,0,0,0,0,101,1,0,0,0,0
natural,10,0,0,fallow,0,0,fallow,0,50,0,0,0,0,0,0,101,0,0,0,0,0
natural,1.75,0,1,fallow,0,1,rice,0,15,0,0,0,0,0,40,42,2,0,0,0,0
stubble,0.05,0,1,rice,0,1,rice,190,0,3,2,2.5,1.75,0.225,49,0,10,2,2.5,1.75,0.225
stubble,0.4,0,1,cotton,0,1,cotton,0,0,0,0,0,0,0,50,3,3,2,1.25,1,0.075
stubble,0.5,1,1,rice,1,1,rice,0,0,0,1,0.5,1,0.25,55,1,1,1,0.5,1,0.25
anthropogenic,1,1,1,rice,1,1,rice,0,0,0,0,0,0,0,60,4,4,3,3.166666667,6.666666667,0.666666667
stubble,0.3,0,1,soy,0,1,soy,0,0,3,1,5,0.5,0.01,75,0,3,1,5,0.5,0.01
stubble,0.05,0,1,rice,0,1,rice,0,0,0,0,0,0,0,80,0,2,2,1.5,2,0.4
anthropogenic,0.15,0,1,fallow,0,1,fallow,0,0,0,0,0,0,0,100,8,20,1,2,2,0.2
stubble,0.2,0,1,cotton,0,1,cotton,0,0,0,0,0,0,0,100,0,3,1,1.5,4,0.2
natural,1.25,0,1,fallow,0,1,fallow,0,0,0,0,0,0,0,100,0,1,2,3.25,4,0.1
natural,2.75,1,0,none,1,1,rice,0,0,3,1,5,0.5,0.01,100,0,5,1,5,0.5,0.01
stubble,0.1,0,1,soy,0,1,soy,0,0,0,0,0,0,0,150,101,5,3,3.166666667,6.666666667,0.7
stubble,0.3,0,1,rice,0,1,rice,0,0,0,0,0,0,0,150,101,2,2,1.875,3,0.3
stubble,0.4,0,1,rice,0,1,rice,0,51,0,0,0,0,0,150,101,12,2,1.5,0,0
natural,0.66,1,1,rice,1,1,rice,0,0,0,0,0,0,0,150,2,1,3,1,2.5,0.1
anthropogenic,12,1,0,fallow,1,0,fallow,0,0,0,0,0,0,0,150,17,7,2,2,0.75,0.1
anthropogenic,2.25,0,1,rice,0,1,rice,0,0,0,0,0,0,0,170,13,7,2,1.9,2.7,0.135
natural,2.5,1,0,none,1,1,soy,180,51,2,2,6.125,6,0.175,180,90,2,2,6.125,6,0.175
stubble,0.1,0,1,fallow,0,1,fallow,0,0,2,0,0,0,0,200,1,9,2,1,2.5,0.1
stubble,0.3,0,1,cotton,0,1,cotton,0,0,6,4,1.75,2.5,0.1,200,0,7,4,1.75,2.5,0.1
natural,0.3,0,1,rice,0,1,rice,0,0,0,2,2.85,2.8,0.13,200,0,2,4,3.35,3.05,0.13
stubble,0.3,0,1,cotton,0,1,cotton,0,0,1,0,0,0,0,200,0,4,0,0,0,0
stubble,1,0,1,cotton,0,1,cotton,0,0,0,0,0,0,0,200,29,0,2,2.25,1,0.15
stubble,1,0,1,cotton,0,1,cotton,0,0,2,0,0,0,0,200,0,5,2,4.75,2.5,0.1
natural,11,0,1,corn,0,1,corn,0,3,3,0,0,0,0,200,3,3,2,1.5,1.5,0.1
natural,12,0,0,none,0,0,none,0,12,35,0,0,0,0,210,45,32,0,0,0,0
natural,1.2,1,0,none,1,1,rice,70,9,4,2,8,5.5,0.15,215,20,9,2,8,5.5,0.15
stubble,0.5,1,1,rice,1,1,rice,0,0,0,0,0,0,0,220,5,5,3,3.35,4.5,0.1
stubble,0.2,0,1,cotton,0,1,cotton,120,0,3,2,2,4,0.1,240,0,7,2,2,4,0.1
stubble,0.3,0,1,cotton,0,1,cotton,0,0,0,0,0,0,0,240,15,4,2,2.1,3,0.225
stubble,0.6,1,1,rice,1,1,rice,0,51,0,1,13,0,0,240,101,6,2,10,3,0.2
stubble,0.05,0,1,rice,0,1,rice,0,5,0,1,4,3,0.2,250,25,5,3,2.833333333,5.333333333,0.3
stubble,0.1,0,1,soy,0,1,soy,0,0,0,0,0,0,0,250,18,6,2,3.125,3.25,0.5
stubble,0.15,0,1,soy,0,1,soy,250,13,6,1,2.25,2,0.2,250,13,6,1,2.25,2,0.2
stubble,0.25,0,1,cotton,0,1,cotton,100,0,0,1,3,1,0.05,250,9,20,1,3,1,0.05
stubble,0.25,0,1,soy,0,1,soy,100,15,10,0,0,0,0,250,20,15,0,0,0,0
natural,0.3,0,1,cotton,0,1,cotton,0,0,0,0,0,0,0,250,14,8,4,4.3125,2.5,0.5
stubble,0.4,0,1,corn,0,1,corn,0,0,0,0,0,0,0,250,0,3,2,1.5,1.5,0.1
stubble,0.5,0,1,corn,0,1,corn,100,0,1,0,0,0,0,250,0,1,0,0,0,0
natural,0.65,1,0,none,1,1,soy,0,0,0,0,0,0,0,250,15,10,2,8.5,2.5,0.125
stubble,0.9,0,1,cotton,0,1,cotton,100,0,3,0,0,0,0,250,0,8,2,3,3,0.1
natural,5,0,1,fallow,0,1,fallow,100,2,10,2,2,2,0.1,250,2,10,2,2,2,0.1
natural,5,0,1,rice,0,1,rice,15,51,0,0,0,0,0,265,101,10,2,0.85,0,0
stubble,0.2,0,1,rice,0,1,rice,0,0,0,0,0,0,0,270,27,2,3,5.033333333,6.633333333,0.433333333
anthropogenic,1.46,1,0,none,1,0,none,0,1,0,0,0,0,0,270,12,3,2,1.75,2.7,0.15
wire,9,1,1,rice,1,1,rice,0,1,0,0,0,0,0,270,12,3,2,1.75,2.7,0.15
anthropogenic,5,0,0,none,0,0,none,20,14,51,0,0,0,0,280,22,101,2,3,3,0.1
stubble,0.31,0,1,cotton,0,1,cotton,120,22,51,0,0,0,0,300,33,101,0,0,0,0
stubble,0.4,0,1,cotton,0,1,cotton,0,0,0,0,0,0,0,300,30,40,1,1.5,4,0.2
stubble,0.4,0,1,cotton,0,1,cotton,0,0,0,0,0,0,0,300,30,40,1,1.5,4,0.2
natural,8,0,0,none,0,1,soy,50,51,12,4,4.125,2.833333333,0.07,300,101,27,4,4.125,2.833333333,0.07
stubble,0.08,0,1,rice,0,1,rice,0,0,0,0,0,0,0,305,101,26,3,5.25,20,0.25
wire,7.4,0,0,none,0,0,none,100,6,16,0,0,20,0.1,310,7,20,1,1.25,20,0.1
stubble,0.5,1,1,rice,1,1,rice,0,0,0,0,0,0,0,320,6,1,1,4.8,5.9,0.2
natural,1.75,0,1,rice,0,1,rice,0,51,0,0,0,0,0,340,101,10,3,3.933333333,3.533333333,0.31
stubble,0.3,0,1,cotton,0,1,cotton,0,0,0,0,0,0,0,350,2,7,2,1.625,2,0.2
natural,0.75,1,1,rice,1,1,rice,0,0,0,1,3,8.4,0.2,350,0,0,3,2.566666667,5.533333333,0.14
natural,7,0,1,soy,0,1,soy,180,51,6,1,1.875,3,0.15,350,101,14,1,1.875,3,0.15
stubble,0.2,0,1,rice,0,1,rice,0,0,0,0,0,0,0,355,0,0,2,0.75,3.45,0.1
stubble,0.1,0,1,rice,0,1,rice,0,0,0,0,0,0,0,360,30,14,3,2.333333333,7,0.35
natural,0.75,1,1,soy,1,1,soy,290,4,2,4,1.75,2.75,0.5,360,5,6,4,1.2,2.75,0.5
stubble,0.15,0,1,soy,0,1,soy,110,25,3,2,7,10,0.25,380,55,16,3,5.083333333,7.5,0.25
stubble,0.5,1,1,rice,1,1,rice,0,0,0,0,0,0,0,380,5,8,2,0.75,6,0.3
natural,2,1,1,rice,1,1,rice,0,11,0,1,8,8,0.75,380,16,6,3,3.75,5,0.625
natural,8,0,0,none,1,1,fallow,0,2,0,3,4.466666667,6.2,0.266666667,380,45,2,3,4.3,6,0.266666667
stubble,0.1,0,1,soy,0,1,soy,200,0,5,2,2,1.75,0.2,400,0,8,2,2,1.75,0.2
stubble,0.13,0,1,cotton,0,1,cotton,0,0,0,0,0,0,0,400,5,4,0,0,0,0
stubble,0.18,0,1,cotton,1,1,cotton,0,0,0,1,3,0,0,400,23,15,5,2.8,1,0.075
stubble,0.2,0,1,fallow,0,1,fallow,200,0,3,0,0,0,0,400,0,3,0,0,0,0
stubble,0.2,0,1,corn,0,1,corn,0,0,0,0,0,0,0,400,70,9,2,1.5,1.85,0.325
stubble,0.3,0,1,soy,0,1,soy,0,0,0,0,0,0,0,400,9,1,1,9,2,0.05
stubble,0.3,0,1,rice,0,1,rice,0,51,0,3,4.233333333,4.6,0.9,400,101,0,3,4.233333333,4.6,0.9
stubble,0.5,0,1,cotton,0,1,cotton,120,0,6,4,1.75,2.5,0.325,400,0,7,4,1.75,2.5,0.325
natural,2,0,1,cotton,0,1,cotton,0,30,0,0,0,0,0,400,66,3,2,2.25,1,0.15
anthropogenic,3,0,0,none,0,1,soy,0,12,2,2,3.75,2,0.1,400,18,2,2,3.75,2,0.1
anthropogenic,8,0,0,none,0,0,none,100,7,7,2,5,2.25,0.055,400,101,15,4,4.125,2.833333333,0.07
natural,8,0,0,none,0,0,none,160,30,0,0,0,0,0,400,101,0,0,0,0,0
natural,8.4,0,1,rice,0,1,rice,0,46,0,1,4.8,3.8,1.2,400,85,0,3,4.033333333,6.133333333,0.8
natural,10,0,1,rice,0,1,rice,150,50,15,2,5.5,7,0.05,400,78,32,2,5.5,7,0.05
natural,20,0,0,none,0,0,none,0,40,18,1,1.5,4,0.2,400,60,80,1,1.5,4,0.2
natural,20,0,0,none,0,1,soy,0,12,2,2,3.75,2,0.1,400,18,2,2,3.75,2,0.1
stubble,0.25,0,1,rice,0,1,rice,0,0,0,0,0,0,0,406,1,10,2,1.5,6,0.3
stubble,0.2,0,1,rice,0,1,rice,50,2,0,3,2.566666667,5.533333333,0.4,410,14,0,3,2.566666667,5.533333333,0.4
stubble,0.22,1,1,rice,1,1,rice,0,0,0,2,2.35,4.1,0.11,410,14,0,3,2.566666667,4.533333333,0.14
stubble,0.75,0,1,soy,0,1,soy,0,51,0,1,18,3,1.1,417,101,5,4,6.9,3.35,0.55
stubble,0.15,0,1,cotton,0,1,cotton,0,0,0,0,0,0,0,420,39,8,2,2.625,1,0.3
stubble,0.15,0,1,soy,0,1,soy,0,0,0,0,0,0,0,430,50,10,3,9.083333333,7,0.583333333
stubble,0.3,0,1,soy,0,1,soy,0,0,0,0,0,0,0,430,3,0,2,2.3,4.85,0.475
stubble,0.4,0,1,cotton,0,1,cotton,130,51,0,1,10,5,1.3,440,16,3.5,1,10,5,1.3
stubble,0.05,0,1,soy,0,1,soy,0,0,0,0,0,0,0,450,101,3,1,3.25,4,0.3
stubble,0.4,0,1,rice,0,1,rice,190,1,2,1,8,4,0.05,450,6,7,2,8,5.5,0.275
anthropogenic,4,0,1,soy,0,1,soy,0,0,1,0,0,0,0,450,2,5,2,7.25,4,0.375
wire,6,0,1,rice,0,1,rice,260,1,7,1,1.25,25,0.25,450,2,22,1,1.25,25,0.25
stubble,0.2,0,1,rice,0,1,rice,50,0,2,1,10,10,0.5,460,3,8,3,6.083333333,5.333333333,0.5
stubble,0.2,0,1,cotton,0,1,cotton,0,0,0,0,0,0,0,460,48,8,2,2.625,1,0.3
stubble,0.2,0,1,rice,0,1,rice,0,0,0,0,0,0,0,460,32,0,2,5.9,5.3,0.375
stubble,0.25,0,1,soy,0,1,soy,180,0,2,2,2.1,2.85,0.25,460,0,7,2,2.1,2.85,0.25
stubble,0.43,0,1,rice,1,1,rice,0,0,0,0,0,0,0,460,50,0,2,5.75,5.45,0.375
natural,0.76,0,1,soy,1,1,soy,180,0,8,2,3.55,3.9,0.6,470,5,41,2,3.55,3.9,0.6
natural,3,0,0,none,0,1,rice,0,14,0,1,6,10,0.5,470,101,10,1,6,10,0.5
stubble,0.05,0,1,soy,0,1,soy,150,0,3,2,1.775,5,0.25,480,0,11,2,1.775,5,0.25
stubble,0.1,0,1,fallow,0,1,fallow,50,0,1,2,1.25,0.5,0.25,480,101,5,3,1.416666667,0.75,0.2
stubble,0.15,0,1,cotton,0,1,cotton,180,7,2,1,0.75,0.75,0.2,480,50,18,1,0.75,0.75,0.2
stubble,0.3,0,1,soy,0,1,soy,50,0,0,2,4.125,3,0.5,480,3,7,3,6.083333333,5.333333333,0.5
anthropogenic,12,0,0,none,0,1,soy,100,8,101,1,0.5,2,0.05,480,9,101,3,1.1,1.8,0.19
stubble,0.25,1,1,rice,1,1,rice,185,51,3,1,12,2.25,0.2,485,101,12,1,12,2.25,0.2
stubble,0.25,0,1,rice,0,1,rice,190,3,3,2,5,3,0.25,490,6,3,2,5,3,0.25
stubble,0.3,0,1,rice,0,1,rice,180,0,2,2,3.55,3.9,0.6,490,0,2,2,3.55,3.9,0.6
stubble,0.4,0,1,rice,0,1,rice,190,4,0,2,2.95,1.85,0.175,490,8,0,2,2.95,1.85,0.175
natural,0.6,1,0,none,1,1,rice,190,8,0,2,1.25,4.3,0.125,490,9,1,2,1.25,4.3,0.125
natural,1.5,1,1,soy,1,1,soy,190,50,1,3,10.83333333,4.833333333,0.583333333,490,101,12,3,10.83333333,4.833333333,0.583333333
natural,5,0,1,cotton,0,1,cotton,200,5,11,2,1.775,13.66666667,0.25,490,5,25,3,1.766666667,11.5,0.25
wire,8,0,1,cotton,0,1,cotton,190,0,1,2,4.125,3,0.5,490,50,10,3,6.083333333,5.333333333,0.5
stubble,0.18,0,1,soy,0,1,soy,195,15,8,2,2.625,5.875,0.2,495,15,8,2,2.625,5.875,0.2
stubble,0.1,0,1,soy,0,1,soy,200,51,20,3,6.833333333,5,0.666666667,500,101,25,3,6.833333333,5,0.666666667
stubble,0.1,0,1,rice,0,1,rice,0,0,0,1,1.75,3,0.5,500,0,4,3,2.333333333,1.5,0.333333333
stubble,0.1,0,1,corn,0,1,corn,200,0,4,2,1,1,0.15,500,0,6,2,1,1,0.15
stubble,0.1,0,1,fallow,0,1,fallow,200,51,51,1,2,4,0.1,500,101,101,1,2,4,0.1
stubble,0.1,0,1,rice,1,1,rice,200,0,1,3,2.333333333,3,0.075,500,101,1,3,2.333333333,3,0.075
stubble,0.12,1,1,soy,1,1,soy,200,9,0,3,4.233333333,4.6,0.683333333,500,12,0,3,4.233333333,4.6,0.683333333
natural,0.15,0,0,none,0,0,none,200,0,2,2,2,2.5,0.1,500,0,2,2,2,2.5,0.1
stubble,0.16,0,1,cotton,0,1,cotton,200,4,7,2,4.5,1,0.01,500,10,8,2,3.25,1,0.01
stubble,0.2,0,1,corn,0,1,corn,200,30,8,1,1.5,3,0.4,500,30,10,1,1.5,3,0.4
stubble,0.2,0,1,cotton,0,1,cotton,200,10,1,1,2,4,0.1,500,20,20,1,2,4,0.1
stubble,0.21,0,1,cotton,0,1,cotton,200,51,51,1,2,4,0.1,500,101,101,1,2,4,0.1
stubble,0.25,0,1,corn,0,1,corn,200,51,2,2,1.25,3,0.25,500,101,15,3,2.833333333,4.5,0.375
stubble,0.25,0,1,soy,0,1,soy,200,20,0,3,7.166666667,2.666666667,0.466666667,500,60,4,3,7.166666667,2.666666667,0.466666667
stubble,0.25,1,1,cotton,1,1,cotton,200,26,11,0,0,0,0,500,31,13,0,0,0,0
stubble,0.28,0,1,rice,0,1,rice,0,5,0,1,8.6,8.8,0.5,500,10,1,3,4.8,5.833333333,0.35
stubble,0.3,0,1,cotton,0,1,cotton,350,5,12,0,0,0,0,500,6,16,0,0,0,0
stubble,0.3,0,1,cotton,0,1,cotton,350,3,12,0,0,0,0,500,6,16,0,0,0,0
natural,0.3,1,1,corn,1,1,corn,200,0,0,2,2.4,3,0.65,500,0,3,3,2.733333333,3.333333333,0.633333333
stubble,0.3,1,1,cotton,1,1,cotton,200,8,1,2,3.45,3,0.01,500,20,4,2,3.5,3,0.01
stubble,0.3,1,1,rice,1,1,rice,200,33,0,2,5.75,5.45,0.375,500,54,0,2,5.75,5.45,0.375
stubble,0.4,0,1,cotton,0,1,cotton,200,0,4,2,2.75,5.5,0.15,500,0,8,2,2.75,5.5,0.15
stubble,0.4,0,1,rice,0,1,rice,200,0,1,2,1.75,1.75,0.15,500,0,3,2,1.75,1.75,0.15
stubble,0.4,0,1,cotton,0,1,cotton,200,51,51,3,5,2.666666667,0.1,500,101,101,3,5,2.666666667,0.1
stubble,0.4,0,1,cotton,0,1,cotton,200,0,1,2,1.75,2,0.2,500,20,4,2,1.75,2,0.2
stubble,0.4,0,1,cotton,0,1,cotton,200,10,4,2,2.25,1,0.15,500,23,4,2,2.25,1,0.15
stubble,0.4,0,1,cotton,0,1,cotton,200,2,20,1,2,4,0.1,500,3,20,1,2,4,0.1
stubble,0.4,0,1,cotton,0,1,cotton,200,51,51,1,2,4,0.1,500,101,101,1,2,4,0.1
stubble,0.4,0,1,cotton,0,1,cotton,200,0,0,0,0,0,0,500,0,0,0,0,0,0
stubble,0.5,1,1,rice,1,1,rice,200,51,3,3,2.666666667,2.333333333,0.5,500,101,3,3,2.666666667,2.333333333,0.5
natural,0.75,1,0,none,1,1,rice,200,50,1,3,4.333333333,6.5,0.55,500,75,12,4,5.75,7.333333333,0.466666667
natural,1,0,1,fallow,0,1,fallow,200,51,1,3,2.666666667,2.333333333,0.5,500,101,3,3,2.666666667,2.333333333,0.5
stubble,1,0,1,cotton,0,1,cotton,200,0,3,0,0,0,0,500,0,3,0,0,0,0
natural,1,1,0,none,1,0,none,200,0,0,2,3.25,2,0.15,500,6,0,2,3.25,2,0.15
natural,1.2,0,1,soy,0,1,soy,200,0,1,3,2.5,2.666666667,0.4,500,1,3,3,2.5,2.666666667,0.4
anthropogenic,1.5,0,1,soy,0,1,soy,200,0,4,2,2.625,0.75,0.25,500,0,7,2,2.625,0.75,0.25
anthropogenic,2,0,1,fallow,0,1,fallow,0,0,0,0,0,0,0,500,60,20,3,2.5,7.333333333,0.5
natural,2,0,0,none,0,0,none,200,10,4,2,6,3,0.1,500,16,4,3,5,2.666666667,0.1
anthropogenic,2,0,0,none,0,0,none,200,2,20,1,2,4,0.1,500,3,22,1,2,4,0.1
natural,2,1,1,fallow,1,1,fallow,200,51,2,3,2.666666667,2.333333333,0.5,500,101,12,3,2.666666667,2.333333333,0.5
natural,4,1,1,fallow,1,1,fallow,200,51,3,2,2.5,2,0.15,500,101,3,3,2.666666667,2.333333333,0.5
natural,5,0,1,soy,0,1,soy,200,1,2,3,2.5,2.666666667,0.4,500,3,2,3,2.5,2.666666667,0.4
natural,6,0,0,none,0,0,none,200,51,11,4,4.125,2.833333333,0.07,500,101,20,4,4.125,2.833333333,0.07
wire,6.5,0,1,cotton,0,1,cotton,200,51,2,2,7,7,0.2,500,101,22,2,7,7,0.2
natural,7,0,1,soy,0,1,soy,180,32,3,3,4.133333333,4.733333333,0.19,500,101,13,3,4.133333333,4.733333333,0.593333333
wire,7,1,1,rice,1,1,rice,200,5,0,2,1.25,3.45,0.15,500,4,0,2,1.25,3.45,0.15
wire,7.2,0,1,cotton,0,1,cotton,200,0,2,2,4.125,3,0.5,500,0,5,2,4.125,3,0.5
wire,8,0,0,none,0,1,soy,200,0,2,0,0,4,0.3,500,101,30,1,3.25,4,0.3
wire,8.25,0,1,rice,0,1,rice,200,0,3,1,3.25,4,0.3,500,3,5,1,3.25,4,0.3
wire,9,1,1,rice,1,1,rice,200,0,2,2,3.25,1.5,0.055,500,0,6,4,2.625,1.666666667,0.07
wire,9.5,0,1,fallow,0,1,fallow,200,30,8,1,1.5,3,0.4,500,30,10,2,1.25,2.5,0.3
wire,10,0,1,soy,0,1,soy,200,40,0,2,1.25,1,0,500,101,0,2,1.25,1,0
natural,10,0,0,none,0,0,none,200,20,30,2,2.5,2,0.1,500,24,41,2,2.5,2,0.1
natural,11,0,0,none,0,1,soy,200,8,0,2,3.75,2,0.175,500,8,0,2,3.75,2,0.175
natural,11,0,1,cotton,0,1,cotton,200,10,4,2,2.25,1,0.15,500,23,4,2,2.25,1,0.15
wire,12,0,1,soy,0,1,soy,200,15,51,2,1.25,2.25,0.1,500,40,101,2,1.25,2.25,0.1
natural,12,0,1,rice,0,1,rice,200,8,2,2,2.5,2,0.2,500,50,4,2,2.5,2,0.2
wire,12,1,1,rice,1,1,rice,200,5,0,2,6,3,0.1,500,40,0,2,6,3,0.1
wire,12,1,0,none,1,0,rice,200,41,0,2,5.9,5.3,0.375,500,101,0,2,5.9,5.3,0.375
wire,12,1,1,cotton,1,1,cotton,200,51,51,3,5,2.666666667,0.1,500,101,101,3,5,2.666666667,0.1
natural,12.5,0,1,cotton,0,1,cotton,200,51,51,1,2,4,0.1,500,101,101,1,2,4,0.1
natural,15,0,1,soy,0,1,soy,200,51,18,3,5.666666667,1,0.3,500,101,20,3,5.666666667,1,0.3
natural,17,0,1,cotton,0,1,cotton,200,10,1,1,2,4,0.1,500,20,20,1,2,4,0.1
natural,19,0,0,none,0,1,rice,200,51,51,2,1.25,2.25,0.1,500,101,101,2,1.25,2.25,0.1
natural,21,1,0,none,1,0,none,200,20,4,3,5,2.666666667,0.1,500,40,4,3,5,2.666666667,0.1
natural,26,0,0,none,0,0,none,200,4,1,2,7,5.5,0.01,500,54,1,2,7,5.5,0.01
stubble,0.2,0,1,soy,0,1,soy,210,7,8,1,5,1,0.1,510,12,11,2,3.75,3.5,0.075
stubble,0.35,0,1,soy,0,1,soy,210,7,8,1,5,1,0.1,510,12,11,2,3.75,3.5,0.075
wire,8,1,0,none,1,1,rice,210,0,2,2,3.55,3.9,0.6,510,0,2,2,3.55,3.9,0.6
anthropogenic,13,0,1,soy,0,1,soy,210,16,4,2,1,3,0.05,510,30,4,2,1,3,0.05
wire,10,1,0,none,1,0,none,200,5,41,2,3.55,3.9,0.6,515,68,46,3,4.666666667,8.033333333,0.466666667
wire,12,0,1,fallow,0,1,fallow,215,39,2,3,4.466666667,6.2,0.266666667,515,52,2,3,4.3,6,0.266666667
stubble,0.1,0,1,fallow,0,1,fallow,0,0,0,0,0,0,0,520,50,20,3,1,1.333333333,0.166666667
stubble,0.1,0,1,cotton,0,1,cotton,220,8,9,1,2.5,0,0,520,14,17,1,2.5,0,0
stubble,0.15,0,1,soy,0,1,soy,270,51,18,1,9,2,0.05,520,101,30,1,9,2,0.05
stubble,0.3,0,1,soy,0,1,soy,270,51,16,1,9,2,0.05,520,101,30,1,9,2,0.05
stubble,0.3,0,1,rice,0,1,rice,0,30,0,2,1.8,3.15,0.43,520,101,7,3,1.7,2.9,0.42
stubble,0.35,0,1,cotton,0,1,cotton,220,0,2,1,2.5,2.5,0.15,520,100,6,3,7.666666667,2.5,0.46
stubble,0.37,0,1,cotton,0,1,cotton,220,0,0,1,1.5,4,0.2,520,70,101,2,1.5,3.5,0.3
stubble,0.4,0,1,corn,0,1,corn,220,0,4,1,0.2,2,0.1,520,3,30,2,1.35,2,0.1
stubble,0.4,0,1,rice,0,1,rice,220,0,7,0,0,0,0,520,0,7,0,0,0,0
stubble,0.46,0,1,cotton,0,1,cotton,220,10,7,1,3,1,0.05,520,17,7,1,3,1,0.05
stubble,0.5,1,1,rice,1,1,rice,270,51,16,1,9,2,0.05,520,101,30,1,9,2,0.05
anthropogenic,1,0,0,none,0,0,none,220,35,10,4,2.875,1.083333333,0.1,520,101,101,4,2.875,1.083333333,0.1
anthropogenic,2,0,0,none,0,0,none,200,5,41,2,3.55,3.9,0.6,520,95,49,4,4.675,0,0
natural,3,1,0,none,1,0,none,240,15,10,1,2,5,0.1,520,15,10,3,2.333333333,3.666666667,0.233333333
anthropogenic,4,0,1,rice,0,1,rice,0,0,28,0,0,0,0,520,34,43,2,3.55,3.9,0.6
natural,4,1,0,none,1,0,none,220,23,10,2,7.5,16.5,0.175,520,31,24,2,7.5,16.5,0.175
anthropogenic,6,0,0,none,0,1,fallow,220,51,51,0,0,0,0,520,101,101,0,0,0,0
wire,6,1,1,rice,1,1,rice,220,5,7,2,4.35,5.25,0.255,520,32,7,2,4.35,4.366666667,0.253333333
wire,8,0,1,fallow,0,1,fallow,200,0,2,0,0,2,0.2,520,0,10,0,0,2,0.2
wire,8,0,1,rice,0,1,rice,200,3,6,3,2.233333333,5.566666667,0.266666667,520,6,14,3,2.233333333,5.566666667,0.266666667
anthropogenic,9,0,0,none,0,0,none,220,0,7,0,0,0,0,520,0,7,0,0,0,0
natural,14,0,0,none,0,1,rice,210,51,0,2,1.55,6.3,0.09,520,101,3,2,1.55,6.3,0.09
natural,15,0,0,none,0,0,none,220,12,7,2,4.25,4.466666667,0.386666667,520,37,7,2,4.25,4.466666667,0.393333333
natural,19.5,0,0,none,0,0,none,220,10,20,2,2.5,2.5,0.1,520,10,20,2,2.5,2.5,0.1
anthropogenic,20,0,1,rice,0,1,rice,200,5,41,2,3.55,3.9,0.6,520,95,49,4,4.675,7.325,0.4125
natural,22,0,1,corn,0,1,corn,220,2,1,1,1,2,0,520,2,1,1,1,2,0
natural,0.1,0,1,cotton,0,1,cotton,140,0,9,1,1.8,20,0.25,530,5,22,3,1.766666667,15,0.25
stubble,0.1,0,1,soy,0,1,soy,240,12,20,2,3,2,0.15,540,12,25,2,3,2,0.15
stubble,0.12,0,1,cotton,0,1,cotton,240,15,20,3,1.833333333,3,0.233333333,540,15,20,3,1.833333333,3,0.233333333
stubble,0.2,0,1,cotton,0,1,cotton,240,0,2,2,2,4,0.1,540,0,3,3,1.833333333,3,0.233333333
stubble,0.3,0,1,cotton,0,1,cotton,0,0,0,0,0,0,0,540,40,16,2,4.125,6,0.25
anthropogenic,1.4,0,1,soy,0,1,soy,240,14,14,1,2.5,1.75,0.2,540,14,15,1,2.25,1.75,0.2
wire,7.5,0,0,none,0,1,cotton,240,0,5,3,1.833333333,3,0.233333333,540,4,7,3,1.833333333,3,0.233333333
natural,10,0,1,soy,0,1,soy,240,12,20,2,3,2,0.15,540,12,25,2,3,2,0.15
stubble,0.34,0,1,cotton,1,1,cotton,200,0,1,1,2.5,0,0,550,0,3,1,2.5,0,0
stubble,0.5,0,1,cotton,0,1,cotton,200,0,2,2,1.25,1,0.075,550,0,3,2,1.25,1,0.075
anthropogenic,0.5,1,1,rice,1,1,rice,200,3,12,0,0,0,0,550,40,32,3,1.433333333,3.433333333,0.233333333
anthropogenic,1.5,0,1,rice,0,1,rice,250,41,51,2,2,0.75,0.1,550,61,101,2,2,0.75,0.1
wire,6,0,1,fallow,0,1,fallow,200,0,8,2,1.775,5,0.25,550,5,24,3,1.766666667,11.5,0.25
wire,9,1,1,soy,1,1,soy,250,41,51,2,2,0.75,0.1,550,61,101,2,2,0.75,0.1
natural,4,0,0,none,0,0,none,180,10,4,0,0,16,0.2,560,19,19,0,0,16,0.2
stubble,0.5,0,1,corn,0,1,corn,180,0,3,1,1.75,1.5,0.5,570,101,24,3,1.416666667,1.75,0.5
stubble,0.1,0,1,fallow,0,1,fallow,220,0,4,0,0,16,0.2,580,0,18,0,0,16,0.2
anthropogenic,0.5,1,1,rice,1,1,rice,200,0,2,2,1.65,2.4,0.26,580,101,36,2,1.65,1.65,0.135
natural,1,1,0,none,1,1,corn,380,2,2,3,3.166666667,3.233333333,0.683333333,580,12,101,3,3.166666667,3.233333333,0.683333333
wire,7.25,0,1,fallow,0,1,fallow,280,6,4,0,0,2,0.2,580,15,14,0,0,2,0.2
wire,11.5,1,1,rice,1,1,rice,285,0,17,2,2.375,20,0.25,585,44,26,2,2.375,20,0.25
stubble,0.2,0,1,soy,0,1,soy,0,0,1,0,0,0,0,590,101,26,1,0.8,3.4,0.6
wire,5.6,0,1,cotton,0,1,cotton,190,0,4,2,1.775,5,0.25,590,5,23,3,1.766666667,11.5,0.25
natural,12,0,0,none,0,0,none,290,8,101,3,1.1,1.8,0.19,590,14,101,3,1.1,1.8,0.19
stubble,0.05,1,1,rice,1,1,rice,312,0,6,1,2.475,4.666666667,0.2,598,2,10,2,2.566666667,3.75,0.275
stubble,0.1,0,1,cotton,0,1,cotton,200,0,5,2,2.5,1,0.01,600,42,35,2,2.5,1,0.01
stubble,0.15,0,1,soy,0,1,soy,220,8,10,2,3.25,0.625,0.125,600,75,101,4,3,1.0625,0.125
stubble,0.2,0,1,corn,0,1,corn,0,0,0,0,0,0,0,600,25,19,2,1.5,3.5,0.3
stubble,0.2,0,1,cotton,0,1,cotton,200,2,1,2,3.25,2.1,0.3,600,27,21,2,3.25,2.1,0.3
stubble,0.25,0,1,soy,0,1,soy,80,7,0,3,5.066666667,6.366666667,0.416666667,600,42,3,3,5.066666667,6.366666667,0.416666667
stubble,0.3,0,1,cotton,0,1,cotton,280,0,6,4,1.75,2.5,0.1,600,0,7,4,1.75,2.5,0.1
stubble,0.3,0,1,cotton,0,1,cotton,200,0,0,0,0,0,0,600,0,4,0,0,0,0
stubble,0.5,1,1,cotton,1,1,cotton,300,13,15,1,4.5,3,0.1,600,29,101,2,3,3,0.1
natural,1,0,1,rice,0,1,rice,0,0,0,0,0,0,0,600,9,10,4,1.85,4.65,0.3125
anthropogenic,2,0,1,fallow,0,1,fallow,200,2,13,2,0.75,6,0.5,600,101,20,3,2.5,3.833333333,0.3
anthropogenic,2.06,1,1,rice,1,1,rice,300,2,5,2,1.25,1.65,0.1,600,90,40,2,1.5,1.85,0.13
anthropogenic,3,0,0,none,0,1,rice,200,5,18,3,4.333333333,5.333333333,0.05,600,8,23,4,3.875,4.125,0.04
anthropogenic,4.5,0,0,none,0,0,none,200,10,51,2,8.5,2.5,0.125,600,70,101,2,8.5,2.5,0.125
wire,6,1,1,corn,1,1,corn,200,20,2,3,3.333333333,1.666666667,0.266666667,600,60,12,3,3.333333333,1.666666667,0.266666667
wire,9,0,1,cotton,0,1,cotton,300,2,0,2,4.25,3.5,0.15,600,20,6,4,3.625,2.375,0.175
wire,9.75,0,1,soy,0,1,soy,80,45,4,0,0,0,0,600,101,4,1,0.8,5,0.3
wire,10,0,0,none,1,0,none,300,20,1,3,4.333333333,2,0.266666667,600,30,2,3,4.333333333,2,0.266666667
natural,20.75,0,0,none,0,1,rice,200,3,0,2,4.15,4.55,0.235,600,7,3,4,2.95,3.625,0.1925
stubble,0.15,0,1,rice,0,1,rice,0,0,6,2,2.5,4,0.253333333,610,8,22,3,2.5,3.666666667,0.203333333
natural,0.3,0,1,rice,0,1,rice,285,0,7,2,3.325,3.75,0.05,610,0,10,2,3.325,3.75,0.05
natural,2.5,0,1,corn,0,1,corn,0,51,0,1,3,8,0.6,610,101,25,3,1.916666667,4.066666667,0.55
wire,4.5,1,1,rice,1,1,rice,310,8,101,3,0.875,1.8,0.19,610,8,101,3,1.1,1.8,0.19
natural,0.73,0,1,rice,1,1,rice,160,33,0,2,3.5,5.25,0.375,615,52,3,4,5.025,7.175,0.3875
natural,8,1,0,none,1,0,none,100,51,1,3,3.75,4.333333333,0.433333333,616,101,9,3,3.75,4.333333333,0.433333333
stubble,0.1,0,1,soy,0,1,soy,125,51,4,2,7,30,0.25,620,55,4,3,5.083333333,17.5,0.25
stubble,0.2,0,1,soy,0,1,soy,0,0,0,0,0,0,0,620,58,20,1,0.8,3.4,0.6
natural,6,0,1,fallow,0,1,fallow,320,6,20,2,1.5,30,0.2,620,15,26,2,1.5,30,0.2
wire,7,0,1,fallow,0,1,fallow,240,7,6,2,1.7,3.25,0.325,620,55,6,2,1.7,3.25,0.325
natural,10,0,1,rice,0,1,rice,200,0,7,2,1.5,29,0.175,620,101,60,2,1.5,29,0.175
anthropogenic,1.85,0,1,soy,0,1,soy,180,51,1,3,11,4.833333333,0.583333333,630,101,20,3,11,5.5,0.625
wire,2,0,1,soy,0,1,soy,150,6,5,0,0,0,0,630,40,30,1,2.3,5.6,0.3
wire,7,0,0,none,0,0,none,150,6,5,0,0,0,0,630,40,30,1,2.3,5.6,0.3
stubble,0.25,0,1,soy,1,1,soy,180,51,1,3,10.83333333,4.833333333,0.583333333,640,101,20,3,10.83333333,4.833333333,0.583333333
stubble,0.5,0,1,rice,0,1,rice,185,2,0,2,4.5,3.3,0.19,640,12,3,5,5.54,4.9,0.24
natural,1.2,0,1,fallow,1,1,fallow,200,2,3,2,1.275,1.75,0.325,640,101,13,2,1.25,1.75,0.325
wire,6.6,0,1,rice,0,1,rice,200,2,2,2,1.625,2.5,0.5,640,9,15,4,1.75,2.5,0.5
stubble,0.25,1,1,rice,1,1,rice,200,2,2,2,1.75,6,0.5,650,15,10,4,4.375,7.5,1
stubble,0.3,0,1,rice,0,1,rice,130,0,0,2,4.15,4.55,0.235,650,0,0,3,2.933333333,3.7,0.196666667
natural,0.43,0,1,soy,1,1,soy,0,0,0,0,0,0,0,650,2,2,4,2.825,3.45,0.1875
wire,6.5,0,0,none,1,0,none,150,51,13,0,0,0,0,650,101,19,2,1,2,0.1
wire,7.25,0,1,soy,0,1,soy,100,0,4,2,4.125,30,0.25,650,55,20,3,5.083333333,17.5,0.25
wire,9.5,0,1,soy,0,1,soy,350,3,7,2,1,2.5,0.1,650,101,19,2,1,2,0.1
stubble,0.1,0,1,rice,0,1,rice,0,0,0,0,0,0,0,660,50,3,4,5.025,7.175,0.3875
stubble,0.4,0,1,rice,0,1,rice,0,0,0,0,0,0,0,660,7,4,4,3.725,5,0.925
natural,0.05,0,1,rice,0,1,rice,160,7,5,3,4.75,3.25,0.5,680,14,8,3,4.75,3.5,0.35
stubble,0.2,0,1,soy,0,1,soy,0,40,0,1,6.9,16.3,0.2,680,101,8,2,5.8,10.75,0.225
natural,0.38,1,1,rice,1,1,rice,85,0,0,2,2.1,2.85,0.25,680,50,16,4,2.275,2.575,0.3
natural,0.75,0,1,soy,0,1,soy,220,7,4,1,2.25,3,0.2,680,13,10,3,2.25,4,0.383333333
wire,6,0,1,soy,0,1,soy,240,0,4,3,2.333333333,7,0.35,680,45,14,3,2.333333333,7,0.35
wire,6.6,1,0,none,1,1,rice,200,0,2,2,3.325,3,0.05,685,0,10,2,3.325,3,0.05
natural,5,0,0,none,0,0,none,180,51,2,1,3.25,5,0.5,690,101,6,1,3.25,5,0.5
wire,6.75,0,1,soy,0,1,soy,200,0,1,1,1.5,1,0.3,690,55,15,3,2.333333333,7,0.35
stubble,0.05,0,1,soy,0,1,soy,180,0,2,2,1.625,1.75,0.5,700,7,30,2,1.625,1.75,0.5
stubble,0.19,0,1,corn,0,1,corn,300,0,8,2,2,1.75,0.2,700,3,6,2,2,1.75,0.2
anthropogenic,1.2,1,0,none,1,1,fallow,250,1,9,3,4.333333333,5.333333333,0.05,700,7,25,4,3.875,4.125,0.04
anthropogenic,2,0,0,fallow,0,0,fallow,240,0,4,0,0,0,0,700,101,5,1,0.8,5,0.3
natural,3.5,1,0,none,1,0,none,180,51,2,2,5.125,6,0.2,700,101,13,2,5.125,6,0.15
wire,10,1,1,corn,1,1,corn,300,0,8,2,2,1.75,0.2,700,3,16,2,2,1.75,0.2
wire,11,1,1,soy,1,1,soy,200,7,6,2,3.25,6,0.075,700,12,12,2,3.25,6,0.075
wire,12,0,1,soy,0,1,soy,200,6,0,2,1,2.35,0.2,700,35,1,3,1.266666667,2.633333333,0.3
natural,15,0,1,cotton,0,1,cotton,300,1,2,2,2.6,3.4,0.2,700,101,5,4,6.9,3.65,0.5
stubble,0.15,0,1,soy,0,1,soy,180,0,2,2,2.625,0.75,0.25,720,0,6,3,2.333333333,1.5,0.333333333
stubble,0.3,1,1,rice,1,1,rice,260,0,0,2,1.4,1.7,0.26,720,86,101,4,2.525,3.15,0.5175
stubble,0.4,0,1,rice,0,1,rice,270,3,4,2,2.3,4.85,0.475,720,6,6,2,2.3,4.85,0.475
natural,1,0,1,rice,0,1,rice,0,0,3,2,3.85,3.3,0.13,720,9,27,4,3,4.85,0.12
natural,6,1,1,rice,1,1,rice,200,47,0,2,3.5,5.25,0.375,720,52,3,4,5.025,7.175,0.3875
natural,9,0,0,none,0,1,soy,200,4,8,2,2.6,2,0.45,720,4,13,4,2.425,2.45,0.175
natural,16,0,0,none,0,0,none,290,51,47,4,4.05,7.8,0.325,720,101,50,4,4.05,7.8,0.325
stubble,0.12,0,1,cotton,0,1,cotton,200,0,2,4,2.3,1.825,0.3,730,1,2,4,2.3,1.825,0.3
stubble,0.1,0,1,rice,0,1,rice,300,9,4,3,3.166666667,6.666666667,0.666666667,740,35,9,4,4.375,7.5,0.625
stubble,0.2,0,1,cotton,0,1,cotton,200,5,12,1,1,1,0.1,740,13,101,1,1,1,0.1
stubble,0.4,0,1,cotton,0,1,cotton,0,0,0,0,0,0,0,740,26,20,3,2.6,3.333333333,0.216666667
stubble,0.6,0,1,rice,0,1,rice,350,7,5,3,4.75,3.5,0.35,740,12,8,3,4.75,3.5,0.35
stubble,0.05,0,1,rice,0,1,rice,120,0,2,1,1.8,1,0.5,750,1,9,4,2.2625,7.75,0.3
stubble,0.15,0,1,soy,0,1,soy,300,11,3,3,2,1.666666667,0.133333333,750,11,3,3,2,1.666666667,0.133333333
natural,2,0,1,rice,0,1,rice,290,5,4,2,1.5,3.5,0.5,750,5,15,2,1.5,3.5,0.5
natural,2,1,0,none,1,0,none,300,33,4,4,2.6875,7.9375,0.2875,750,33,7,4,2.6875,7.9375,0.2875
wire,5,0,1,soy,0,1,soy,300,6,5,3,2.25,4,0.383333333,750,12,10,3,2.25,4,0.383333333
natural,6,1,0,none,1,0,none,185,51,5,2,7,9,0.75,750,101,18,4,4.375,7.5,0.625
wire,6.5,0,1,soy,0,1,soy,300,2,15,4,3.875,4.125,0.04,750,2,19,4,3.875,4.125,0.04
wire,7,1,1,cotton,1,1,cotton,300,23,15,5,2.8,1,0.075,750,23,15,5,2.8,1,0.075
natural,10,0,1,rice,0,1,rice,300,2,15,4,3.875,4.125,0.04,750,3,20,4,3.875,4.125,0.04
wire,5,0,0,none,0,1,soy,300,3,7,4,1.225,5.975,0.3125,770,8,11,4,1.85,4.65,0.3125
wire,8,0,0,none,0,0,none,300,3,7,4,1.225,5.975,0.3125,770,8,11,4,1.85,4.65,0.3125
natural,0.5,0,1,rice,0,1,rice,275,12,0,3,5.2,6.433333333,0.416666667,780,3.8,0.6,2.5,1.35,7.175,0.3875
wire,9.5,0,0,fallow,0,0,fallow,280,0,4,0,0,0,0,780,101,5,1,0.8,5,0.3
stubble,0.5,0,1,rice,0,1,rice,0,0,1,4,4.15,3.65,0.14,800,8,25,4,4.15,3.65,0.14
natural,1,1,1,soy,1,1,soy,300,51,51,2,1.75,2,0.01,800,101,101,2,1.75,2,0.01
natural,4.5,0,0,none,0,0,none,200,4,2,3,2,2.666666667,0.5,800,15,14,4,1.75,2.75,0.5
natural,7,0,0,none,0,0,none,330,9,20,4,1.65,5.175,0.1825,800,10,28,4,1.65,5.175,0.1825
stubble,0.05,1,1,rice,1,1,rice,0,0,0,0,0,0,0,830,30,10,3,7.416666667,2.5,0.2
natural,14,0,1,cotton,0,1,cotton,390,2,2,1,0.8,5,0.3,850,101,4,1,0.8,5,0.3
natural,1.8,1,1,rice,1,1,rice,200,2,7,3,3.766666667,4.333333333,0.676666667,870,101,39,5,2.82,3.04,11.48
anthropogenic,14,0,1,soy,0,1,soy,208,51,20,2,2.35,2.9,0.205,870,101,23,4,1.875,2.3,0.2525
stubble,0.65,1,1,rice,1,1,rice,150,51,3,3,6.333333333,3.5,0.25,875,101,14,3,6.333333333,3.5,0.25
stubble,0.1,0,1,soy,0,1,soy,300,1,3,2,3.7,4.2,0.25,900,13,0.8,2.2,0.65,3.45,0.1875
natural,0.11,0,1,soy,0,1,soy,260,1,2,2,3.7,4.2,0.25,900,5,3,4,2.825,3.45,0.1875
stubble,0.4,0,1,cotton,0,1,cotton,180,11,6,4,2.15,2.7,0.2,900,6,24,4,2.15,2.7,0.2
natural,1,1,0,none,1,1,corn,400,0,2,2,3,1,0.1,900,30,3,2,3,1,0.1
stubble,0.5,0,1,rice,0,1,rice,640,0,3,2,1.55,6.3,0.09,915,72,26,4,3,4.85,0.12
wire,8,1,0,none,1,1,rice,270,36,41,2,2.3,4.85,0.425,920,101,50,4,4.05,7.8,0.325
anthropogenic,9,0,0,none,0,0,none,145,51,22,2,8.4,8.65,0.33,940,101,29,4,5.75,5.15,0.2475
natural,20,0,0,none,0,1,rice,280,40,4,1,0.8,5.35,0.26,940,92,6,2,6.9,8.4,0.37
stubble,0.2,0,1,rice,0,1,rice,350,4,0,3,3.033333333,3.4,0.176666667,950,7,3,4,2.825,3.45,0.1875
stubble,0.35,0,1,soy,0,1,soy,200,2,0,0,0,0,0,960,101,3,3,5.866666667,8.5,0.353333333
wire,3,0,1,rice,0,1,rice,200,0,4,2,5.125,2.5,0.35,960,101,14,3,7.416666667,2.5,0.35
wire,10,0,1,cotton,0,1,cotton,380,18,20,4,2.15,2.7,0.2,960,23,24,4,2.15,2.7,0.2
stubble,0.4,0,1,soy,0,1,soy,320,51,0,2,8.4,8.85,0.3,980,101,4,3,8.333333333,0,0
wire,13.4,1,1,soy,1,1,soy,380,3,6,2,1.5,6,0.3,988,20,9,2,1.5,6,0.3
stubble,0.15,0,1,cotton,0,1,cotton,400,26,20,5,2.7,1.666666667,0.15,1000,26,20,5,2.7,1.666666667,0.15
stubble,0.25,0,1,cotton,0,1,cotton,400,51,0,2,5,2,0.25,1000,101,15,3,5.666666667,2.666666667,0.3
stubble,0.3,0,1,cotton,0,1,cotton,400,15,11,3,2.333333333,3.666666667,0.233333333,1000,15,12,3,2.333333333,3.666666667,0.233333333
stubble,0.4,0,1,cotton,0,1,cotton,400,15,11,3,2.333333333,3.666666667,0.233333333,1000,15,12,3,2.333333333,3.666666667,0.233333333
stubble,0.4,0,1,cotton,0,1,cotton,400,18,13,2,1.5,3.5,0.3,1000,18,15,3,2,2.666666667,0.3
stubble,0.4,0,1,cotton,0,1,cotton,400,16,51,2,5,2,0.25,1000,101,101,1,5,2,0.25
stubble,0.5,0,1,cotton,0,1,cotton,400,15,11,3,2.333333333,3.666666667,0.233333333,1000,15,12,3,2.333333333,3.666666667,0.233333333
anthropogenic,3,0,0,none,0,0,none,400,15,11,3,2.333333333,3.666666667,0.233333333,1000,15,12,3,2.333333333,3.666666667,0.233333333
natural,3,1,0,none,1,0,none,190,48,2,2,5.8,10.75,0.225,1000,101,11,4,4.35,7.725,0.3375
natural,3,1,0,none,1,1,soy,200,17,10,1,7,3,0.2,1000,75,27,1,7,3,0.2
natural,3,1,1,rice,1,1,rice,400,2,2,3,8,1.5,0.03,1000,2,3,3,8,2,0.05
natural,3,1,0,none,1,1,rice,400,2,2,3,8,2,0.05,1000,2,3,3,8,2,0.05
wire,6,1,1,soy,1,1,soy,350,2,3,4,2.85,4.1,0.2675,1000,8,3,4,2.825,3.45,0.1875
natural,7,0,1,corn,0,1,corn,400,3,12,3,3,3.333333333,0.1,1000,3,20,4,2.625,2.875,0.15
wire,7.5,0,1,soy,0,1,soy,400,7,6,2,3.25,6,0.075,1000,12,12,2,3.25,6,0.075
anthropogenic,8,0,0,none,0,0,none,400,7,6,2,3.25,6,0.075,1000,12,12,2,3.25,6,0.075
natural,8,0,0,none,0,0,none,400,18,13,2,1.5,3.5,0.3,1000,18,15,3,2,2.666666667,0.3
wire,9,0,0,none,0,1,cotton,400,3,10,3,3,3.333333333,0.1,1000,3,18,4,2.625,2.875,0.15
wire,9.25,0,1,cotton,0,1,cotton,400,18,13,2,1.5,3.5,0.3,1000,18,15,3,2,2.666666667,0.3
natural,10,0,0,none,0,0,none,400,18,13,2,1.5,3.5,0.3,1000,18,15,3,2,2.666666667,0.3
wire,12,0,1,cotton,0,1,cotton,400,15,11,3,2.333333333,3.666666667,0.233333333,1000,15,12,3,2.333333333,3.666666667,0.233333333
natural,25,0,0,none,0,1,corn,400,3,12,3,3,3.333333333,0.1,1000,3,18,3,3,3.333333333,0.1
wire,14.5,1,1,rice,1,1,rice,418,6,7,2,1.5,6,0.3,1018,22,10,2,1.5,6,0.3
anthropogenic,2,0,0,none,0,0,none,260,20,14,3,2.933333333,3.933333333,0.516666667,1040,101,31,4,9.7,7.95,0.8125
stubble,0.35,0,1,soy,0,1,soy,120,33,0,1,0.8,5.35,0.26,1050,101,1,3,4.8,6.6,0.2975
stubble,0.3,0,1,rice,0,1,rice,160,51,20,2,1.4,1.7,0.3,1070,101,24,5,2.82,3.28,0.526
stubble,0.25,0,1,cotton,0,1,cotton,200,51,28,1,2.3,1.8,0.13,1210,65,37,4,3.575,2.25,0.11
wire,10,0,0,none,0,0,none,350,0,1,2,3,4.5,0.5,1240,101,30,4,3.5,3.25,0.2375
wire,14,0,0,none,0,0,none,450,51,10,2,4,2,0.08,1260,101,18,2,4,2,0.15
stubble,0.5,0,1,cotton,0,1,cotton,290,0,8,4,3.5,3.25,0.2375,1440,55,26,4,3.5,3.25,0.2375
natural,20,0,0,none,0,0,none,350,9,19,4,3,5,0.12,1600,10,25,4,3,4.85,0.12
stubble,0.28,0,1,soy,0,1,soy,120,6,1,2,1,1.375,0.15,2000,52,20,3,0.916666667,1.166666667,0.166666667
natural,0.8,1,1,corn,1,1,corn,50,0,0,1,3.5,2.5,0.2,0,0,0,1,3.5,2.5,0.2
anthropogenic,1.25,0,1,rice,0,1,rice,50,4,3,0,0,10,0.2,0,6,3,0,0,10,0.2
natural,2.25,1,1,rice,1,1,rice,0,1,0,1,5,0.5,0.01,0,1,0,1,5,0.5,0.01
natural,2.5,0,1,cotton,0,1,cotton,0,22,4,3,2.833333333,2.333333333,0.366666667,0,46,6,3,2.833333333,2.333333333,0.366666667
natural,2.5,1,0,none,1,1,cotton,0,22,4,3,2.833333333,2.333333333,0.366666667,0,46,6,3,2.833333333,2.333333333,0.366666667
wire,9,0,0,none,0,1,rice,0,2,2,1,8.7,8.8,0.7,0,6,2,2,7.7,10.05,0.75
natural,1.9,1,0,none,1,1,fallow,50,0,3,1,5,0.5,0.01,100,0,5,1,5,0.5,0.01
natural,2.5,1,0,none,1,1,rice,0,0,3,1,5,0.5,0.01,100,0,5,1,5,0.5,0.01
natural,0.75,1,0,none,1,1,soy,50,0,0,1,2,2,0.2,150,1,12,5,2.5,1.75,0.1025
natural,16,0,1,rice,0,1,rice,0,1,0,1,3,3,1.2,200,101,0,3,2.666666667,2.333333333,0.5
anthropogenic,1,0,1,fallow,0,1,fallow,150,2,10,2,2,2,0.1,250,2,10,2,2,2,0.1
anthropogenic,5,0,0,none,0,1,rice,100,15,28,0,0,0,0,250,45,32,1,2.3,5.6,0.3
natural,9.69,0,0,none,0,1,cotton,100,9,20,1,3,1,0.05,250,9,22,1,3,1,0.05
wire,12,0,0,none,0,0,none,100,15,28,0,0,0,0,250,45,32,1,2.3,5.6,0.3
anthropogenic,1,0,0,none,0,0,none,70,12,51,0,0,0,0,280,22,101,1,4.5,3,0.1
stubble,0.2,1,1,rice,1,1,rice,50,0,0,0,0,0,0,300,50,10,4,4.875,8,0.5
natural,0.8,1,1,corn,1,1,corn,170,0,0,1,3.5,2.5,0.2,300,0,0,1,3.5,2.5,0.2
natural,4,1,0,none,1,1,soy,0,51,0,1,18,3,1.1,300,101,3,3,8.1,2.666666667,0.46
anthropogenic,3.5,0,0,none,0,0,none,180,19,18,1,2.3,5.6,0.3,330,15,28,3,1.433333333,3.433333333,0.233333333
anthropogenic,4.5,1,0,none,1,0,none,180,19,18,1,2.3,5.6,0.3,330,15,28,3,1.433333333,3.433333333,0.233333333
wire,4.75,1,0,none,1,0,none,180,19,18,1,2.3,5.6,0.3,330,15,28,3,1.433333333,3.433333333,0.233333333
stubble,0.3,0,1,soy,0,1,soy,50,0,0,0,0,0,0,355,20,4,1,3.25,4,0.3
wire,9,1,0,none,1,0,none,360,5,6,4,1.75,2.75,0.5,360,5,6,4,1.2,2.75,0.5
stubble,0.7,0,1,cotton,0,1,cotton,50,0,3,0,0,0,0,400,4,5,2,3,3,0.1
natural,1,1,1,corn,1,1,corn,240,0,0,1,3.5,2.5,0.2,400,0,0,1,3.5,2.5,0.2
wire,3,1,0,none,1,1,rice,100,7,7,2,5,2.25,0.055,400,101,15,4,4.125,2.833333333,0.07
natural,5,0,0,none,1,1,rice,0,51,0,1,1,0,0,400,101,10,2,1,2,0.1
wire,5,1,0,none,1,1,rice,100,7,7,2,5,2.25,0.055,400,101,15,4,4.125,2.833333333,0.07
natural,2.15,1,1,soy,1,1,soy,180,30,5,2,1.275,1.75,0.325,430,101,12,2,1.275,1.75,0.325
natural,1,0,0,none,0,1,rice,310,2,9,1,1.25,25,0.25,450,5,21,1,1.25,25,0.25
anthropogenic,1.75,0,0,none,0,0,none,310,2,9,1,1.25,25,0.25,450,5,21,1,1.25,25,0.25
natural,2.7,1,1,soy,1,1,soy,10,51,0,1,10,5,1.3,450,16,3.8,1,10,5,1.3
stubble,0.3,0,1,rice,0,1,rice,50,14,0,1,6,10,0.5,470,101,10,1,6,10,0.5
natural,1.25,1,0,none,1,1,soy,50,3,3,3,6.083333333,5.333333333,0.5,470,3,8,3,6.083333333,5.333333333,0.5
natural,2.6,0,0,none,0,1,fallow,120,12,101,2,3.55,2.4,0.575,490,12,101,4,5.525,3.2,0.6125
stubble,0.3,0,1,soy,0,1,soy,250,0,0,2,3.5,1.75,0.15,500,6,0,2,3.5,1.75,0.15
stubble,0.5,0,1,cotton,0,1,cotton,150,0,7,1,3,4,0.1,500,3,18,3,3,3.333333333,0.1
anthropogenic,1,0,1,corn,0,1,corn,250,0,1,2,1.5,1.5,0.1,500,3,3,2,1.5,1.5,0.1
anthropogenic,1.2,0,1,rice,0,1,rice,250,0,7,1,1.5,0,0,500,1,10,1,1.5,0,0
anthropogenic,1.5,0,1,rice,0,1,rice,250,1,6,3,6.083333333,5.333333333,0.5,500,3,8,3,6.083333333,5.333333333,0.5
natural,1.5,0,0,none,0,1,fallow,250,15,10,1,2,4,0.1,500,101,101,1,2,4,0.1
natural,1.6,0,1,fallow,0,1,fallow,250,10,4,2,6,3,0.1,500,16,4,3,5,2.666666667,0.1
natural,1.75,1,0,none,1,0,none,250,3,3,2,5,3,0.25,500,6,6,2,5,3,0.25
natural,1.8,0,1,rice,0,1,rice,250,0,3,3,2.333333333,1.5,0.333333333,500,0,6,3,2.333333333,1.5,0.333333333
natural,1.8,1,1,soy,1,1,soy,250,3,5,3,3.166666667,1,0.34,500,6,11,3,3.166666667,1,0.023333333
natural,2,0,1,cotton,0,1,cotton,200,22,51,0,0,0,0,500,33,101,0,0,0,0
natural,2,1,0,none,1,1,rice,200,51,2,2,6.25,2.75,0.2,500,101,6,2,6.25,2.75,0.2
anthropogenic,2,0,1,cotton,1,1,cotton,200,0,4,0,0,0,0,500,3,20,1,2,4,0.1
anthropogenic,2.2,0,1,cotton,0,1,cotton,200,30,8,1,1.5,3,0.4,500,30,10,2,1.25,2.5,0.3
natural,2.39,0,0,none,0,0,none,200,30,8,1,1.5,3,0.4,500,30,10,1,1.5,3,0.4
natural,2.5,0,0,none,0,1,corn,200,30,8,1,1.5,3,0.4,500,30,10,1,1.5,3,0.4
natural,2.5,0,0,none,0,0,none,200,13,15,1,4.5,3,0.1,500,29,101,2,3,3,0.1
natural,3,0,0,none,0,0,none,200,14,9,2,0.75,6,0.5,500,101,15,3,2.5,7.333333333,0.5
natural,3,0,0,none,0,0,none,200,51,4,2,3.375,4.5,0.2,500,101,7,2,3.375,4.5,0.2
natural,3,0,0,none,0,0,none,200,16,20,1,15,4,0.15,500,50,31,1,15,4,0.15
natural,3,0,0,none,0,1,cotton,200,51,51,1,2,4,0.1,500,101,101,1,2,4,0.1
anthropogenic,3.2,0,0,none,0,1,rice,175,4,41,2,3.55,3.9,0.6,500,65,46,3,4.666666667,8.033333333,0.466666667
natural,3.5,0,1,fallow,0,1,fallow,200,51,1,3,2.666666667,2.333333333,0.5,500,101,3,3,2.666666667,2.333333333,0.5
natural,4,0,1,soy,0,1,soy,200,2,2,2,7.25,4,0.375,500,20,7,3,9.166666667,5,0.375
wire,4,0,0,none,0,0,none,200,51,51,1,2,4,0.1,500,101,101,1,2,4,0.1
natural,4.2,1,0,none,1,1,cotton,200,5,0,2,6,3,0.1,500,40,0,2,6,3,0.1
natural,5,0,0,none,0,1,soy,200,51,5,2,7,30,0.25,500,55,12,3,5.083333333,17.5,0.25
natural,5,0,1,soy,0,1,soy,200,51,5,2,7,30,0.25,500,55,12,3,5.083333333,17.5,0.25
natural,5,0,0,none,0,1,soy,350,3,12,0,0,0,0,500,6,16,0,0,0,0
natural,5,0,1,fallow,0,1,fallow,200,10,1,1,2,4,0.1,500,20,20,1,2,4,0.1
natural,5,0,0,none,0,0,none,200,13,15,1,4.5,3,0.1,500,29,101,2,3,3,0.1
natural,5,1,0,none,1,0,none,200,15,4,2,3.125,3.25,0.5,500,27,6,2,3.125,3.25,0.5
wire,6,0,1,rice,0,1,rice,200,15,0,1,9,2,0.05,500,22,1,1,9,2,0.05
wire,6,0,1,cotton,0,1,cotton,200,10,4,2,2.25,1,0.15,500,23,4,2,2.25,1,0.15
wire,6,1,1,rice,1,1,rice,200,0,0,3,4.666666667,2.333333333,1.066666667,500,0,0,2,2,2.5,0.1
wire,6,1,1,rice,1,1,rice,200,51,3,2,2.5,2,0.15,500,101,3,3,2.666666667,2.333333333,0.5
wire,6,1,1,fallow,1,1,fallow,200,51,17,4,4.125,2.833333333,0.07,500,101,26,4,4.125,2.833333333,0.07
wire,6,1,0,none,1,1,soy,200,0,1,3,2.5,2.666666667,0.4,500,1,3,3,2.5,2.666666667,0.4
wire,6,1,1,rice,1,1,rice,200,44,0,2,5.9,5.3,0.375,500,101,0,2,5.9,5.3,0.375
wire,6,1,1,rice,1,1,rice,200,4,0,2,3.65,4.8,0.75,500,8,0,2,3.65,4.8,0.75
wire,6,1,0,none,1,1,rice,200,6,10,3,3.166666667,1,0.023333333,500,6,18,3,3.166666667,1,0.023333333
wire,6,1,1,rice,1,1,rice,200,51,2,1,12,2.25,0.2,500,101,8,1,12,2.25,0.2
wire,6.5,0,1,cotton,0,1,cotton,200,51,2,3,2.633333333,2.166666667,0.226666667,500,101,8,4,6.4,2.375,0.445
wire,6.5,1,1,cotton,1,1,cotton,200,51,3,2,7,7,0.2,500,101,5,2,7,7,0.2
wire,6.5,1,1,rice,1,1,rice,200,0,2,2,2.125,3,0.5,500,2,8,4,3.4875,3,0.5
wire,6.5,1,0,none,1,1,rice,200,37,0,2,5.75,5.45,0.375,500,58,0,2,5.75,5.45,0.375
wire,6.75,1,0,none,1,1,rice,200,37,0,2,5.75,5.45,0.375,500,58,0,2,5.75,5.45,0.375
wire,7,0,1,cotton,0,1,cotton,200,0,2,1,1.75,3,0.25,500,5,25,3,1.766666667,3.666666667,0.25
wire,7,0,0,none,0,1,rice,200,17,20,1,9,2,0.05,500,30,31,1,9,2,0.05
wire,7,0,1,soy,0,1,soy,200,0,1,3,2.333333333,3,0.075,500,101,1,3,2.333333333,3,0.075
wire,7,0,0,none,0,1,cotton,200,10,4,2,2.25,1,0.15,500,23,4,2,2.25,1,0.15
wire,7,0,1,fallow,0,1,fallow,200,51,3,3,2.666666667,2.333333333,0.5,500,101,12,3,2.666666667,2.333333333,0.5
wire,7,0,1,rice,0,1,rice,200,51,3,3,2.666666667,2.333333333,0.5,500,101,12,3,2.666666667,2.333333333,0.5
wire,7,0,1,fallow,0,1,fallow,200,2,20,1,2,4,0.1,500,3,20,1,2,4,0.1
wire,7,1,1,rice,1,1,rice,200,6,0,2,1.25,3.45,0.15,500,7,0,2,1.25,3.45,0.15
wire,7,1,0,none,1,1,rice,200,1,0,2,1.25,3.45,0.15,500,2,0,2,1.25,3.45,0.15
wire,7,1,0,none,1,0,none,200,0,3,2,2,2.5,0.1,500,0,3,2,2,2.5,0.1
wire,7,1,1,cotton,1,1,cotton,200,51,51,3,5,2.666666667,0.1,500,101,101,3,4.666666667,2.666666667,0.1
anthropogenic,7,1,1,rice,1,1,rice,200,5,0,2,2.95,1.85,0.175,500,8,0,2,2.95,1.85,0.175
wire,7,1,0,none,1,1,soy,200,3,3,1,3.25,4,0.3,500,101,6,1,3.25,4,0.3
wire,7,0,0,none,1,1,cotton,200,1,0,2,2.45,2.3,0.35,500,12,2,4,2.3,1.825,0.3
anthropogenic,7.2,1,1,soy,1,1,soy,200,0,2,2,2.625,0.75,0.25,500,0,7,3,2.333333333,1.5,0.333333333
wire,7.2,1,1,cotton,1,1,cotton,200,1,2,3,6.083333333,5.333333333,0.5,500,3,8,3,6.083333333,5.333333333,0.5
wire,7.25,1,1,soy,1,1,soy,200,0,2,3,2.333333333,1.5,0.333333333,500,0,6,3,2.333333333,1.5,0.333333333
wire,7.25,1,0,none,1,1,rice,200,4,4,2,1.625,2,0.5,500,20,7,3,3.75,5,0.625
wire,7.5,0,1,soy,0,1,soy,200,0,0,3,1.333333333,2,0.1,500,101,5,3,1.333333333,2,0.1
wire,7.5,0,1,soy,0,1,soy,200,1,3,1,2.5,2.9,0.27,500,12,3,2,4.15,4.55,0.235
wire,8,0,1,rice,0,1,rice,100,0,3,1,2.25,3,0.3,500,20,6,1,2.25,3,0.3
wire,8,0,1,rice,0,1,rice,100,0,4,1,2.25,0,0,500,15,6,1,2.25,0,0
wire,8,0,1,cotton,0,1,cotton,200,0,2,2,4.125,3,0.5,500,101,12,3,6.083333333,5.333333333,0.5
wire,8,0,1,rice,0,1,rice,200,0,0,2,0.75,3.45,0.1,500,1,0,2,0.75,3.45,0.1
wire,8,0,1,soy,0,1,soy,200,0,0,2,2.5,2.25,0.14,500,100,8,4,6.4,2.375,0.445
wire,8,0,1,cotton,0,1,cotton,200,0,1,2,1.7,2,0.2,500,20,4,2,1.75,2,0.2
wire,8,1,1,rice,1,1,rice,200,0,3,2,2.5,1.75,0.225,500,0,9,2,2.5,1.75,0.225
wire,8,1,1,cotton,1,1,cotton,200,0,4,2,2.75,5.5,0.15,500,0,8,2,2.75,5.5,0.15
wire,8,1,0,none,1,1,rice,200,48,0,2,5.75,5.45,0.375,500,93,0,2,5.75,5.45,0.375
wire,8.25,0,1,soy,0,1,soy,200,4,7,2,3.25,1,0.01,500,10,8,2,3.25,1,0.01
wire,8.25,0,1,fallow,0,1,fallow,200,51,51,1,2,4,0.1,500,101,101,1,2,4,0.1
wire,8.25,1,1,cotton,1,1,cotton,200,5,3,2,2.625,1,0.3,500,61,5,2.25,0.8,1,0.3
wire,8.25,1,0,none,1,1,rice,200,3,3,1,3.25,4,0.3,500,101,6,1,3.25,4,0.3
wire,8.4,0,0,none,0,1,cotton,200,5,4,2,2.625,1,0.3,500,61,8,2,2.625,1,0.3
wire,8.4,0,1,fallow,1,1,fallow,200,0,2,2,1.25,0.5,0.25,500,101,5,3,1.416666667,0.75,0.2
wire,8.5,1,1,soy,1,1,soy,200,1,0,2,3.65,4.8,0.425,500,76,0,2,3.65,4.8,0.425
wire,8.6,0,0,none,0,1,cotton,200,5,4,2,2.625,1,0.3,500,61,8,2,2.625,1,0.3
wire,8.6,0,1,corn,0,1,corn,200,51,3,2,1.25,3,0.25,500,101,15,3,2.833333333,4.5,0.375
wire,8.6,1,1,soy,1,1,soy,200,1,2,3,6.083333333,5.333333333,0.5,500,3,8,3,6.083333333,5.333333333,0.5
wire,8.75,0,1,fallow,0,1,fallow,200,0,1,1,1.875,3,0.15,500,101,14,1,1.875,3,0.15
wire,8.75,0,1,cotton,0,1,cotton,200,2,1,2,1.625,2,0.2,500,2,7,2,1.625,2,0.2
wire,9,0,1,soy,0,1,soy,200,30,8,3,9.083333333,7,0.583333333,500,50,14,3,9.083333333,7,0.583333333
wire,9,0,1,soy,0,1,soy,200,38,0,2,1.25,1,0,500,101,0,2,1.25,1,0
wire,9,0,0,none,0,1,cotton,200,0,20,0,0,0,0,500,3,22,1,2,4,0.1
wire,9,0,1,fallow,0,1,cotton,200,21,51,1,2,4,0.1,500,101,101,1,2,4,0.1
wire,9,0,1,soy,0,1,soy,200,50,6,3,10.83333333,4.833333333,0.583333333,500,101,12,3,10.83333333,4.833333333,0.583333333
wire,9,1,1,cotton,1,1,cotton,200,0,2,2,1.25,1,0.075,500,18,4,2,1.25,1,0.075
wire,9,1,1,fallow,1,1,fallow,200,51,15,4,4.125,2.833333333,0.07,500,101,25,4,4.125,2.833333333,0.07
wire,9,1,1,cotton,1,1,cotton,200,0,2,2,1.25,1,0.075,500,18,4,2,1.25,1,0.03
wire,9,1,1,fallow,1,1,fallow,200,51,1,2,2.5,2,0.15,500,101,3,3,2.666666667,2.333333333,0.5
wire,9,1,1,cotton,1,1,cotton,200,8,1,2,3.5,3,0.01,500,20,4,2,3.5,3,0.01
wire,9,1,1,corn,1,1,corn,200,5,3,3,2.733333333,3.333333333,0.633333333,500,15,7,3,2.733333333,3.333333333,0.633333333
natural,9,1,1,cotton,1,1,cotton,200,51,9,2,4.125,6,0.25,500,55,21,3,5.083333333,15,0.25
wire,9,1,1,rice,1,1,rice,200,0,0,3,4.233333333,4.6,0.9,500,62,0,3,4.233333333,4.6,0.9
wire,9.5,1,1,cotton,1,1,cotton,200,0,2,2,1,1,0.15,500,0,4,2,1,1,0.15
wire,9.5,1,1,rice,1,1,rice,200,51,0,3,4.233333333,6.266666667,0.8,500,101,0,3,4.233333333,6.266666667,0.8
wire,9.75,1,0,none,1,0,none,200,13,4,3,6.833333333,2.533333333,0.496666667,500,22,6,3,6.833333333,2.533333333,0.496666667
wire,12,0,1,corn,0,1,corn,200,0,1,2,2.25,1,0.2,500,0,1,2,2.25,1,0.2
wire,12,0,1,soy,0,1,soy,200,12,0,2,3.25,1.75,0.2,500,18,2,2,3.25,1.75,0.2
wire,12,0,1,cotton,0,1,cotton,200,0,4,2,2.75,5.5,0.15,500,0,8,2,2.75,5.5,0.15
wire,12,0,1,soy,0,1,soy,200,20,4,3,2,2.666666667,0.1,500,40,4,3,5,2.666666667,0.1
wire,12,0,1,fallow,0,1,fallow,200,1,2,2,2.5,2,0.2,500,20,4,2,0.875,2,0.2
wire,12,1,1,rice,1,1,rice,200,0,0,2,3.5,1.75,0.15,500,8,0,2,3.5,1.75,0.15
wire,12,1,1,soy,1,1,soy,200,0,1,2,2.25,1,0.2,500,1,2,2,2.25,1,0.2
wire,12,1,0,none,1,1,soy,200,0,2,2,3,3,0.055,500,0,3,2,3,3,0.055
wire,12,1,1,cotton,1,1,cotton,200,20,4,3,5,2.666666667,0.1,500,40,4,3,5,2.666666667,0.1
wire,12,0,1,soy,1,1,soy,200,1,2,3,2.5,2.666666667,0.4,500,3,2,3,2.5,2.666666667,0.4
natural,16,0,1,cotton,0,1,cotton,200,5,18,3,5.333333333,1.333333333,0.736666667,500,8,20,3,5.333333333,1.333333333,0.736666667
anthropogenic,3,0,1,rice,0,1,rice,190,3,40,2,3.55,3.9,0.6,505,60,43,3,4.666666667,8.033333333,0.466666667
wire,6.5,1,1,soy,1,1,soy,210,7,8,1,5,1,0.1,510,12,11,2,3.75,3.5,0.075
wire,7,0,1,soy,0,1,soy,210,7,8,1,5,1,0.1,510,12,11,2,3.75,3.5,0.075
wire,6.25,0,0,none,0,0,none,215,15,7,2,2.625,5.875,0.2,515,15,8,2,2.625,5.875,0.2
wire,12,1,1,soy,1,1,soy,215,33,2,2,4.033333333,7.633333333,0.333333333,515,47,2,3,3.933333333,6.666666667,0.3
anthropogenic,1,0,1,soy,0,1,soy,270,2,1,1,1,2,0,520,2,1,1,1,2,0
natural,2.5,0,0,none,0,1,cotton,220,9,9,1,2.5,0,0,520,14,17,1,2.5,0,0
natural,4,0,0,none,0,0,none,220,12,7,2,4.25,4.466666667,0.386666667,520,37,7,2,4.25,4.466666667,0.393333333
wire,4.75,1,0,none,1,1,soy,220,13,6,1,2.25,3,0.2,520,13,10,1,2.25,3,0.2
wire,6,0,1,soy,0,1,soy,220,10,20,2,2.5,2.5,0.1,520,10,20,2,2.5,2.5,0.1
wire,6,0,1,soy,0,1,soy,270,51,15,1,9,2,0.05,520,101,30,1,9,2,0.05
wire,6,0,1,corn,0,1,corn,220,0,0,1,1.5,4,0.2,520,57,65,1,1.5,4,0.2
wire,6.5,0,1,corn,0,1,corn,220,0,4,1,0.2,2,0.1,520,3,30,2,2.25,2,0.1
wire,7,0,1,fallow,0,1,fallow,220,0,0,1,1.5,4,0.2,520,59,65,1,2.75,0,0
wire,7.5,0,0,none,0,1,cotton,220,12,101,2,3.55,2.4,0.575,520,12,101,3,3.033333333,2.866666667,0.65
wire,7.75,1,0,none,1,1,rice,220,27,17,2,7.5,16.5,0.175,520,29,21,2,7.5,16.5,0.175
wire,8,0,1,fallow,0,1,fallow,220,0,6,0,0,2,0.2,520,0,9,0,0,2,0.2
wire,8,0,1,cotton,0,1,cotton,200,0,1,2,2.55,3.8,0.175,520,49,22,4,2.15,2.7,0.2
wire,8,0,1,corn,0,1,corn,220,0,0,1,1.5,4,0.2,520,58,65,2,1.5,3.5,0.3
wire,8.5,0,1,corn,0,1,corn,220,51,8,2,1.5,1.85,0.325,520,101,11,2,1.5,1.85,0.325
wire,8.75,0,1,corn,0,1,corn,220,0,0,1,1.5,4,0.2,520,70,101,2,1.5,3.5,0.3
natural,9,0,0,none,0,1,soy,270,51,16,1,9,2,0.05,520,101,30,1,9,2,0.05
wire,9,1,1,cotton,1,1,cotton,220,24,4,2,2.1,3,0.225,520,101,8,2,2.1,3,0.225
wire,9,0,0,none,1,1,cotton,220,10,7,1,3,1,0.05,520,17,8,1,3,1,0.05
wire,9.25,0,1,cotton,0,1,cotton,220,9,8,1,2.5,0,0,520,14,17,1,2.5,0,0
wire,9.25,0,1,cotton,0,1,cotton,220,10,20,2,2.5,2.5,0.1,520,10,20,2,2.5,2.5,0.1
wire,10,0,1,soy,0,1,soy,220,35,10,2,2.5,1,0.05,520,101,101,4,2.625,1.25,0.0875
wire,12,0,1,corn,0,1,corn,220,2,1,1,1,2,0,520,2,1,1,1,2,0
wire,12,0,1,corn,0,1,corn,220,0,0,1,1.5,4,0.2,520,59,65,2,1.5,3.5,0.3
wire,12,0,1,fallow,0,1,fallow,220,0,7,0,0,0,0,520,0,7,0,0,0,0
wire,12,1,1,fallow,1,1,fallow,200,0,2,4,2.625,1.666666667,0.07,520,0,8,4,2.625,0,0
wire,12,1,0,none,1,0,none,220,0,30,2,3.55,3.9,0.6,520,46,45,2,3.55,3.9,0.6
wire,12,1,0,none,1,0,none,220,15,7,2,4.2,4.433333333,0.553333333,520,32,7,2,4.2,4.433333333,0.483333333
natural,13,1,0,none,1,0,none,210,16,7,2,1.55,6.3,0.24,520,78,11,2,1.55,6.3,0.24
anthropogenic,1.5,1,1,rice,1,1,rice,140,8,101,1,0.5,2,0.05,530,9,101,3,1.1,1.8,0.19
wire,6.75,0,0,none,0,1,soy,210,51,8,3,5.083333333,17.5,0.25,530,55,20,3,5.083333333,17.5,0.25
wire,12,0,1,cotton,0,1,cotton,200,14,0,1,2.7,2.4,0.3,530,73,18,3,2.6,3.333333333,0.216666667
anthropogenic,3.5,0,0,none,1,1,soy,240,14,14,1,2.5,1.75,0.2,540,14,15,1,2.25,1.75,0.2
wire,5,1,1,soy,1,1,soy,240,51,20,2,1.5,29,0.175,540,101,60,2,1.5,29,0.175
wire,5.6,0,1,cotton,0,1,cotton,215,0,12,2,1.775,5,0.25,540,5,24,3,1.766666667,11.5,0.25
wire,7,0,1,cotton,0,1,cotton,240,0,2,2,2,4,0.1,540,0,3,3,1.833333333,3,0.233333333
wire,7.25,0,1,soy,0,1,soy,240,51,20,3,6.833333333,5,0.666666667,540,101,25,3,6.833333333,5,0.666666667
wire,7.5,0,1,soy,0,1,soy,210,9,2,1,2.25,7,0.75,540,14,5,1,2.25,7,0.75
wire,7.5,0,1,cotton,0,1,cotton,240,0,5,3,1.833333333,3,0.233333333,540,4,7,3,1.833333333,3,0.233333333
wire,8,0,1,cotton,0,1,cotton,240,0,5,3,1.833333333,3,0.233333333,540,4,7,3,1.833333333,3,0.233333333
wire,8,1,1,cotton,1,1,cotton,240,0,5,3,1.833333333,3,0.233333333,540,4,7,3,1.833333333,3,0.233333333
wire,9,0,1,fallow,0,1,rice,240,2,4,2,1.4,13.225,0.2125,540,2,4,3,1.1,9.475,0.15
wire,9,1,1,soy,1,1,soy,240,12,20,2,3,2,0.15,540,12,25,2,3,2,0.15
wire,12,0,1,cotton,0,1,cotton,240,12,20,2,3,2,0.15,540,12,25,2,3,2,0.15
natural,2.25,1,0,none,1,1,rice,230,51,4,4,5.75,7.333333333,0.466666667,550,70,10,4,5.75,7.333333333,0.466666667
natural,2.9,0,1,rice,0,1,rice,250,22,51,2,2.25,1.5,0.1,550,40,101,2,2.25,1.5,0.1
natural,3,1,0,none,1,0,none,250,22,51,2,2.25,1.5,0.1,550,40,101,2,2.25,1.5,0.1
wire,6,0,1,soy,0,1,soy,200,0,8,2,1.775,5,0.25,550,5,23,3,1.766666667,11.5,0.25
wire,6,1,0,none,1,1,rice,215,9,0,3,3.566666667,5.433333333,0.223333333,550,32,12,3,3.533333333,5.433333333,0.2
wire,7,0,1,fallow,0,1,fallow,200,0,7,2,1.775,5,0.25,550,5,25,3,1.766666667,11.5,0.25
wire,8,0,1,cotton,0,1,cotton,200,16,0,1,2.7,2.4,0.3,550,101,7,1,2.7,2.4,0.3
natural,8.3,1,0,fallow,1,0,fallow,250,41,51,2,2,0.75,0.1,550,61,101,2,2,0.75,0.1
wire,9,1,0,none,1,1,cotton,200,0,2,2,1.25,1,0.075,550,0,3,2,1.25,1,0.075
wire,10,1,1,soy,1,1,soy,200,0,2,2,2.25,1.5,0.1,550,20,101,2,2.25,1.5,0.1
wire,12,0,1,rice,0,1,rice,200,5,10,2,5.5,7,0.05,550,35,21,4,3.875,4.125,0.04
wire,12,0,1,rice,0,1,rice,250,3,8,0,0,0,0,550,40,32,3,1.433333333,3.433333333,0.233333333
wire,8,0,0,none,0,0,none,120,51,14,0,0,6,0.15,560,101,18,0,0,6,0.15
wire,8,1,0,none,1,1,rice,200,0,0,2,3.55,3.9,0.6,570,0,16,2,3.55,3.9,0.6
wire,11,1,1,rice,1,1,rice,200,0,0,2,3.55,3.9,0.6,570,0,16,2,3.55,3.9,0.6
natural,6,0,0,none,0,0,none,275,4,27,2,2.375,20,0.25,575,38,38,2,2.375,20,0.25
natural,2,0,1,fallow,0,1,fallow,230,10,4,0,0,2,0.2,580,19,19,0,0,2,0.2
natural,4,0,1,fallow,0,1,fallow,180,10,4,0,0,16,0.2,580,19,19,0,0,16,0.2
wire,6.75,1,0,none,1,1,cotton,280,22,51,2,3,3,0.1,580,32,101,2,3,3,0.1
wire,9,0,1,fallow,0,1,fallow,240,5,4,0,0,16,0.2,580,16,14,0,0,16,0.2
wire,9.5,0,1,fallow,0,1,fallow,220,0,4,0,0,2,0.2,580,0,18,0,0,2,0.2
wire,8,1,0,none,1,1,soy,285,4,33,2,2.375,20,0.25,585,78,38,2,2.375,20,0.25
wire,8.6,1,0,none,1,0,none,285,4,33,2,2.375,20,0.25,585,48,38,2,2.375,20,0.25
wire,9,1,0,none,1,0,none,285,4,33,2,2.375,20,0.25,585,48,38,2,2.375,20,0.25
natural,2.5,0,0,none,0,1,rice,180,20,10,2,2.125,25,0.5,590,20,11,2,2.125,25,0.5
wire,7.75,1,0,none,1,1,rice,200,0,8,2,3.55,3.9,0.6,590,5,41,2,3.55,3.9,0.6
wire,9,1,0,none,1,1,rice,200,0,8,2,3.55,3.9,0.6,590,5,41,2,3.55,3.9,0.6
natural,1,0,0,none,0,1,fallow,350,42,26,2,1.5,1,0.01,600,42,30,2,1.5,1,0.01
natural,1,1,0,none,1,1,soy,250,10,51,2,8.5,2.5,0.125,600,70,101,2,8.5,2.5,0.125
natural,2,0,0,none,0,1,soy,200,20,2,3,3.333333333,1.666666667,0.266666667,600,60,12,3,3.333333333,1.666666667,0.266666667
natural,2,1,1,rice,1,1,rice,200,2,0,1,8,0,0,600,3,0,1,8,0,0
natural,5,0,0,none,0,0,none,300,25,15,2,0.75,6,0.5,600,101,20,3,2.5,7.333333333,0.5
natural,5,1,0,none,1,1,soy,200,17,29,1,7,3,0.2,600,75,50,1,7,3,0.2
natural,5,1,0,none,1,1,soy,300,17,32,1,7,3,0.2,600,75,55,1,7,3,0.2
wire,6,1,1,rice,1,1,rice,200,0,0,2,2.35,4.1,0.11,600,12,0,3,2.566666667,5.533333333,0.14
wire,7,0,1,cotton,0,1,cotton,200,0,0,0,0,0,0,600,0,4,0,0,0,0
wire,7,0,0,none,0,0,none,300,13,15,1,4.5,3,0.1,600,29,101,2,3,3,0.1
wire,7,0,0,none,1,0,none,300,13,11,1,4.5,3,0.1,600,28,101,2,3,3,0.1
wire,7.5,0,0,none,0,1,cotton,280,0,6,4,1.75,2.5,0.1,600,0,7,4,1.75,2.5,0.1
wire,7.8,0,0,none,0,0,none,200,10,51,2,8.5,2.5,0.125,600,70,101,2,8.5,2.5,0.125
wire,8,0,1,cotton,0,1,cotton,280,0,6,4,1.75,2.5,0.1,600,0,7,4,1.75,2.5,0.325
wire,8,0,1,cotton,0,1,cotton,300,10,6,4,3.625,2.375,0.175,600,20,6,4,3.625,3.5,0.175
wire,8,1,1,cotton,1,1,cotton,280,0,6,4,1.75,2.5,0.1,600,0,7,4,1.75,2.5,0.1
wire,8,1,0,none,1,1,rice,250,5,10,4,3.875,4.125,0.04,600,7,19,4,3.875,4.125,0.04
wire,12,0,1,cotton,0,1,cotton,280,0,6,4,1.75,2.5,0.1,600,0,7,4,1.75,2.5,0.1
wire,12,0,1,corn,0,1,corn,300,0,1,2,1,1,0.25,600,17,1,3,4.333333333,2,0.266666667
wire,12,0,1,corn,0,1,corn,300,20,1,3,4.333333333,2,0.266666667,600,30,2,3,4.333333333,2,0.266666667
wire,12,1,1,soy,1,1,soy,225,0,1,2,2.6,2,0.45,600,4,8,2,2.6,2,0.45
wire,12,1,1,rice,1,1,rice,200,0,0,1,7,2,0.05,600,2,3,2,8,2,0.05
anthropogenic,7.25,1,1,rice,1,1,rice,200,2,3,2,2.275,4,0.5,612,2,11,2,2.275,1,0.5
natural,4.5,1,0,none,1,1,rice,160,33,0,2,3.5,5.25,0.375,615,52,3,4,5.025,7.175,0.3875
wire,5.6,0,1,cotton,0,1,cotton,200,0,8,2,1.775,5,0.25,620,5,25,3,1.766666667,11.5,0.25
wire,6,1,0,none,1,0,none,280,51,9,3,1.9,2.8,0.5,620,101,30,3,1.766666667,2.7,0.466666667
wire,12,0,0,none,0,1,rice,270,10,12,2,1.45,5.65,0.41,620,101,17,2,1.45,5.65,0.41
natural,6,0,1,cotton,0,1,cotton,200,51,3,3,3.2,3.466666667,0.366666667,630,101,6,4,6.9,3.35,0.55
wire,9,1,1,cotton,1,1,cotton,200,0,2,4,2.3,1.825,0.3,630,1,2,4,2.3,1.825,0.3
wire,9,1,1,rice,1,1,rice,300,15,6,4,1.75,4.75,0.28,630,101,101,5,5.34,5.9,0.39
wire,11,1,0,none,1,0,none,330,40,14,4,1.75,4.75,0.28,630,101,101,5,5.34,5.9,0.39
natural,4,0,0,none,0,1,soy,200,51,11,3,10.83333333,5.5,0.625,640,101,15,3,10.83333333,4.833333333,0.583333333
natural,6,0,1,soy,0,1,soy,0,51,9,0,0,0,0,640,101,16,2,1.275,0,0
wire,7,0,0,none,0,0,none,220,5,4,2,1.7,3.25,0.325,640,48,6,2,1.7,3.25,0.325
wire,7.5,1,0,none,1,0,none,220,18,6,2,2.7,2.45,0.215,640,101,29,5,2.14,2.6,0.366
wire,8.4,0,1,soy,0,1,soy,200,51,11,3,11,4.833333333,0.583333333,640,101,15,3,11,5.5,0.625
wire,12,1,1,soy,1,1,soy,280,12,3,2,4.75,2.5,0.1,640,15,101,2,4.75,2.5,0.1
natural,5,1,1,fallow,1,1,fallow,150,51,13,0,0,0,0,650,101,19,2,1,2,0.1
wire,7,1,0,none,1,1,corn,200,0,2,2,1.75,2,0.2,650,0,4,2,1.75,2,0.2
wire,7.5,1,0,none,1,1,rice,200,37,0,2,4.2,4.3,0.25,650,50,2,4,5.375,6.7,0.325
wire,8,0,0,none,0,1,rice,350,3,7,2,1,2.5,0.1,650,101,19,2,1,2.5,0.1
wire,10,1,0,none,1,1,soy,200,37,0,2,4.2,4.3,0.25,650,50,2,4,5.375,6.7,0.325
wire,6,0,1,fallow,0,1,fallow,240,5,14,3,1.766666667,11.5,0.25,660,5,23,3,1.766666667,11.5,0.25
wire,8,1,1,rice,1,1,rice,200,11,9,2,3.7,5.7,0.16,660,48,28,2,3.7,5.7,0.16
natural,0.001,0,0,none,0,0,none,340,6,98,3,1.1,1.8,0.19,670,101,101,4,2.525,3.15,0.5175
natural,3.5,0,0,none,0,0,none,60,5,0,2,1.75,2.7,0.15,670,22,21,4,2.1,4.225,0.25
wire,6,1,1,rice,1,1,rice,300,1,37,3,1.1,1.8,0.19,670,98,101,4,2.525,3.15,0.5175
wire,7,0,1,rice,1,1,rice,290,6,98,3,1.1,1.8,0.19,670,101,101,4,2.525,3.15,0.5175
natural,14,0,0,none,0,0,none,230,24,10,0,0,2.5,0.3,670,101,26,1,3.7,2.2,0.366666667
wire,6,1,1,rice,1,1,rice,210,0,3,2,1.55,6.3,0.09,680,95,29,4,3,5.15,0.12
wire,6.8,1,0,none,1,1,rice,200,1,3,1,8,4,0.05,680,14,12,4,5.5625,4.375,0.325
wire,8,1,1,rice,1,1,rice,220,2,2,3,3.166666667,6.666666667,0.666666667,680,35,10,4,3.166666667,6.666666667,0.666666667
wire,6.6,1,0,none,1,1,rice,300,0,4,2,3.325,3.75,0.05,685,0,10,2,3.325,3.75,0.05
natural,4,1,0,none,1,0,none,200,7,6,2,3.25,6,0.075,700,12,12,2,3.25,6,0.075
wire,6,0,1,rice,0,1,rice,200,3,11,2,5.5,7,0.05,700,6,22,4,3.875,2.833333333,0.186666667
wire,6.6,1,0,none,1,1,rice,200,0,2,2,3.325,3,0.05,700,0,8,2,3.325,3,0.05
wire,7,0,1,corn,0,1,corn,300,0,8,2,2,1.75,0.2,700,3,16,2,2.5,1.75,0.2
wire,7,1,1,corn,1,1,corn,300,0,8,2,2,1.75,0.2,700,3,16,2,2,1.75,0.2
natural,7,1,0,none,1,0,none,200,7,6,2,3.25,6,0.075,700,12,12,2,3.25,6,0.075
wire,7,1,0,none,1,1,rice,200,4,0,2,2.3,4.85,0.475,700,6,6,2,2.3,4.85,0.475
anthropogenic,8,0,0,none,0,0,none,200,7,6,2,3.25,6,0.075,700,12,12,2,3.25,6,0.075
wire,8.4,1,1,rice,1,1,rice,200,0,3,2,2.016666667,13,0.3,700,1,11,5,2.44,7.333333333,0.216666667
wire,9.5,0,1,cotton,0,1,cotton,260,4,6,4,4.3125,2.5,0.5,700,16,13,4,4.3125,2.5,0.5
wire,7,1,1,rice,1,1,rice,250,14,0,3,2.566666667,5.533333333,0.14,710,14,0,3,2.566666667,5.533333333,0.14
wire,12,0,1,soy,0,1,soy,100,51,27,5,2.64,3.8,0.288,717,101,46,5,3.38,3.866666667,0.473333333
natural,6,1,0,none,1,1,fallow,200,47,0,2,3.5,5.25,0.375,720,52,3,4,5.025,7.175,0.3875
wire,6.5,0,1,soy,0,1,soy,240,19,10,4,2.275,2.45,0.225,720,101,30,5,7.82,6.06,0.58
wire,6.6,1,0,none,1,1,rice,200,4,2,2,1.875,2.5,0.5,720,10,14,4,1.75,2.5,0.5
wire,6.6,1,0,none,1,1,rice,200,4,2,2,1.875,2.5,0.5,720,10,14,4,1.75,2.5,0.5
wire,8,1,0,none,1,1,rice,200,47,0,2,3.5,5.25,0.375,720,52,3,4,5.025,7.175,0.3875
wire,6,0,1,rice,0,1,rice,200,0,2,2,2.35,2.9,0.205,730,98,45,4,1.875,2.3,0.2525
wire,12,1,1,rice,1,1,rice,290,15,1,3,4.766666667,5.833333333,0.35,730,45,3,3,4.766666667,5.833333333,0.35
wire,6.75,1,1,soy,1,1,soy,260,0,4,3,2.333333333,7,0.35,740,101,13,3,2.333333333,7,0.35
wire,7.25,1,1,rice,1,1,rice,200,2,2,2,3.625,7,0.75,740,101,10,4,4.375,7.5,0.625
wire,8,1,1,rice,1,1,rice,290,5,4,3,3.333333333,6.666666667,0.666666667,740,40,10,4,4.375,7.5,1
wire,8.8,0,1,fallow,0,1,fallow,220,14,6,1,0.5,1,0.2,740,28,15,3,1,1.333333333,0.166666667
natural,2,1,0,none,1,1,rice,300,14,2,3,2.566666667,5.533333333,0.4,750,17,6,3,2.566666667,5.533333333,0.333333333
wire,3.25,0,0,none,0,0,none,300,23,15,5,2.8,1,0.075,750,23,15,5,2.8,1,0.075
natural,4,0,0,none,0,0,none,300,23,15,5,2.8,1,0.075,750,23,15,5,2.8,1,0.075
wire,5,0,0,none,0,0,none,300,6,6,3,2.25,4,0.383333333,750,12,10,3,2.25,4,0.383333333
wire,6,1,1,soy,1,1,soy,300,0,4,3,2.333333333,7,0.35,750,101,22,3,2.333333333,7,0.35
wire,7,0,1,rice,0,1,rice,300,0,4,3,2.333333333,7,0.35,750,101,22,3,2.333333333,7,0.35
wire,7,0,1,rice,0,1,rice,300,5,4,3,4.75,3.5,0.35,750,11,6,3,4.75,3.5,0.35
wire,7,0,0,none,0,0,none,200,5,4,2,1.5,3.5,0.5,750,5,11,2,1.5,3.5,0.5
wire,7,0,0,none,0,1,soy,300,11,3,3,2,1.666666667,0.133333333,750,11,3,3,2,1.666666667,0.133333333
wire,7,1,0,none,1,1,rice,260,6,5,3,3.35,4.5,0.1,750,6,8,3,3.35,4.5,0.1
wire,7.25,0,1,rice,0,1,rice,300,9,5,3,3.166666667,6.666666667,0.666666667,750,35,9,4,4.375,7.5,0.625
wire,7.75,1,0,none,1,0,none,300,11,1,3,4.666666667,5.766666667,0.35,750,26,1,3,4.666666667,5.766666667,0.35
wire,8,0,0,none,0,0,none,300,14,0,3,2.566666667,5.533333333,0.4,750,16,2,3,2.566666667,5.533333333,0.333333333
wire,8,0,0,none,0,0,none,300,2,15,4,3.875,4.125,0.04,750,3,21,4,3.875,4.125,0.04
wire,8,0,1,cotton,0,1,cotton,300,22,4,2,4,2,0.08,750,101,18,2,4,2,0.15
wire,8,1,1,rice,1,1,rice,240,4,5,3,2.916666667,5.333333333,0.3,750,10,11,3,2.916666667,5.333333333,0.3
wire,9,1,1,rice,1,1,rice,300,1,12,5,2.625,1.8,0.282,750,1,12,5,2.625,1.8,0.282
wire,11,1,0,none,1,0,none,300,2,15,4,3.875,4.125,0.04,750,3,21,4,3.875,4.125,0.04
wire,12,1,0,none,1,1,rice,250,6,18,4,3,5.15,0.12,750,9,25,4,3,5.15,0.12
stubble,0.25,1,1,rice,1,1,rice,250,51,5,2,7,9,0.75,760,101,18,4,4.375,7.5,0.625
anthropogenic,4,1,1,rice,1,1,rice,210,0,3,2,1.55,6.3,0.09,760,101,28,4,3,4.85,0.12
wire,6,0,0,none,0,1,soy,200,43,8,1,0.8,5.2,1.2,760,101,26,2,2.25,2.633333333,0.616666667
wire,7,0,1,fallow,0,1,fallow,300,3,7,4,1.225,5.975,0.3125,770,8,11,4,1.85,4.65,0.3125
wire,6,1,1,soy,1,1,soy,325,12,2,4,4,4.25,0.27,775,52,4,4,20.725,4.075,0.245
anthropogenic,5.5,0,1,rice,0,1,rice,230,2,5,2,3.85,3.3,0.13,780,3,25,4,4.15,3.65,0.14
wire,11,1,1,rice,1,1,rice,200,0,0,2,2.4,4.45,0.21,780,7,2,4,2.825,3.45,0.1875
stubble,0.35,0,1,rice,0,1,rice,280,1,5,2,3.85,3.3,0.13,790,10,25,4,4.15,3.65,0.14
wire,6,1,0,none,1,1,rice,200,2,4,1,8,4,0.05,790,9,8,3,4.75,3.5,0.35
wire,7,1,0,none,1,0,none,200,2,4,3,4.75,3.5,0.35,790,9,8,3,4.75,3.5,0.35
wire,7.5,1,0,none,1,1,soy,200,4,0,1,8,8.4,0.4,790,55,1,3,4.666666667,5.766666667,0.35
natural,0.8,1,1,soy,1,1,soy,290,0,0,2,4.75,2.5,0.1,800,27,68,2,4.75,2.5,0.1
anthropogenic,1.6,0,0,none,0,0,none,350,51,51,2,1.75,2,0.01,800,101,101,2,1.75,2,0.01
wire,4,1,1,soy,1,1,soy,200,0,4,2,1.625,1.75,0.5,800,30,40,2,1.625,1.75,0.5
wire,6,0,0,none,0,1,cotton,200,11,1,3,3.133333333,2,0.4,800,11,1,3,3.133333333,2,0.4
wire,7,0,1,cotton,0,1,cotton,240,5,12,1,1,1,0.1,800,13,101,1,1,1,0.1
wire,7,0,1,fallow,0,1,fallow,220,0,0,1,1.5,4,0.2,800,55,60,2,1.5,3.5,0.3
wire,8,0,1,corn,0,1,corn,220,0,0,1,1.5,4,0.2,800,55,60,2,1.5,3.5,0.3
natural,8,0,0,none,1,1,rice,330,9,20,4,1.65,5.175,0.1825,800,10,28,4,1.65,5.175,0.1825
wire,5,0,0,none,1,1,rice,200,6,6,1,3,4,0.5,805,101,11,3,3.75,4.333333333,0.433333333
wire,12,1,1,rice,1,1,rice,200,6,0,2,1.55,6.3,0.09,810,8,28,4,1.65,5.175,0.1825
wire,14,0,1,soy,0,1,soy,200,2,0,0,0,0,0,810,101,3,1,13,14.5,0.59
wire,7.75,1,1,cotton,1,1,cotton,200,0,1,4,2.6875,7.9375,0.2875,820,33,11,4,2.6875,7.9375,0.2875
wire,14,0,1,soy,0,1,soy,200,2,0,0,0,0,0,820,101,3,2,6.9,8.4,0.37
wire,6.6,1,0,none,1,1,rice,200,4,9,1,3.25,5,0.5,840,86,16,1,3.25,5,0.5
natural,7,0,0,none,0,1,rice,150,4,0,0,0,0,0,840,20,3,4,2.1,4.225,0.25
wire,9,0,1,cotton,0,1,cotton,380,1,4,1,0.8,5,0.3,840,101,4,1,0.8,5,0.3
natural,9.25,0,0,none,0,1,rice,150,4,0,0,0,0,0,840,20,3,4,2.1,4.225,0.25
natural,5,0,1,cotton,1,1,cotton,390,1,4,1,0.8,5,0.3,850,101,4,1,0.8,5,0.3
wire,5.6,0,1,corn,0,1,corn,300,51,13,3,1.916666667,4.066666667,0.55,850,101,30,3,1.916666667,4.066666667,0.55
natural,6,0,1,cotton,0,1,cotton,390,1,2,1,0.8,5,0.3,850,101,3,1,0.8,5,0.3
stubble,0.5,0,1,corn,0,1,corn,250,0,3,1,1.75,1.5,0.5,870,101,24,3,1.416666667,1.75,0.5
wire,6,1,1,rice,1,1,rice,200,3,0,2,3.25,2.7,0.135,900,6,3,4,2.825,3.45,0.1875
wire,8,0,0,none,0,1,cotton,220,5,5,1,2.7,2.4,0.3,900,32,19,4,2.15,2.7,0.2
wire,9,0,0,none,0,0,none,200,4,13,2,1.75,2.7,0.15,900,20,21,4,2.1,4.225,0.25
wire,12,0,1,cotton,0,1,cotton,220,5,5,1,2.7,2.4,0.3,900,32,19,4,2.15,2.7,0.2
wire,12,0,0,none,0,0,none,300,0,2,2,3,1,0.1,900,26,22,5,2.7,1.666666667,0.15
wire,16,0,1,soy,0,1,soy,200,2,0,0,0,0,0,900,98,4,2,6.9,8.4,0.37
anthropogenic,2,0,0,none,0,0,none,260,6,41,2,2.5,4.85,0.625,920,101,50,4,4.15,7.8,0.425
wire,6,1,1,rice,1,1,rice,280,32,12,5,2.82,2.938333333,1.188333333,920,97,36,5,2.82,2.938333333,1.188333333
wire,7,1,0,none,1,1,rice,260,6,41,2,2.5,4.85,0.625,920,101,50,4,4.15,7.8,0.425
wire,8,1,1,rice,1,1,rice,280,32,12,5,2.82,2.938333333,1.188333333,920,97,36,5,2.82,2.938333333,1.188333333
wire,8,0,1,rice,0,1,rice,200,3,2,2,3.5,3.5,0.25,925,50,15,3,6.333333333,3.5,0.25
wire,7,1,1,rice,1,1,rice,200,5,1,2,2.3,4.85,0.425,930,101,14,4,4.05,7.8,0.8
wire,6.25,1,1,rice,1,1,rice,350,4,0,3,3.033333333,3.4,0.176666667,950,7,3,4,2.825,3.45,0.1875
wire,7.25,1,1,rice,1,1,rice,200,3,0,2,3.25,2.45,0.165,950,6,3,4,2.825,3.45,0.1875
wire,9,1,0,none,1,1,rice,350,4,0,3,3.033333333,3.4,0.176666667,950,7,3,4,2.825,3.45,0.1875
wire,12,0,0,none,0,0,none,350,48,17,3,2.933333333,3.933333333,0.516666667,950,101,36,4,9.7,7.95,0.8125
wire,8,0,1,soy,0,1,soy,400,7,4,2,3.15,2.5,0.14,960,57,28,4,3.575,2.25,0.11
wire,6,0,1,rice,1,1,rice,320,44,8,4,4.05,7.8,0.325,980,101,10,4,4.05,7.8,0.325
wire,14.5,0,1,rice,0,1,rice,380,9,3,2,1.5,6,0.3,988,25,11,2,1.5,6,0.3
wire,9,1,1,rice,1,1,rice,190,51,10,3,7.416666667,2.5,0.2,990,101,16,3,7.416666667,2.5,0.2
stubble,0.3,0,1,cotton,0,1,cotton,450,4,18,2,2,1.5,0.2,1000,13,20,3,2.333333333,1.333333333,0.233333333
natural,0.9,0,0,none,0,1,corn,450,26,20,5,2.7,1.666666667,0.15,1000,26,20,5,2.7,1.666666667,0.15
natural,1.5,1,1,soy,1,1,soy,450,15,11,3,2.333333333,3.666666667,0.233333333,1000,15,12,3,2.333333333,3.666666667,0.233333333
wire,2,0,1,rice,0,1,rice,400,51,9,3,7.416666667,2.5,0.2,1000,101,15,3,7.416666667,2.5,0.2
anthropogenic,2.5,0,0,none,1,1,soy,400,15,11,3,2.333333333,3.666666667,0.233333333,1000,15,12,3,2.333333333,3.666666667,0.233333333
natural,3,0,0,none,0,0,none,440,10,11,1,3,4,0.2,1000,10,101,1,3,4,0.2
anthropogenic,3,1,1,rice,1,1,rice,200,42,43,2,2.3,4.85,0.425,1000,101,50,4,4.05,7.8,0.325
wire,4,1,0,none,1,1,cotton,400,15,11,3,2.2,3.666666667,0.233333333,1000,15,12,3,2.333333333,3.666666667,0.233333333
wire,6,0,1,cotton,0,1,cotton,400,3,10,3,3,3.333333333,0.1,1000,3,18,4,2.625,2.875,0.15
wire,6,0,0,none,0,0,none,400,15,11,3,2.333333333,3.666666667,0.233333333,1000,15,12,3,2.333333333,3.666666667,0.233333333
wire,6.86,1,0,none,1,1,cotton,400,15,11,3,2.333333333,3.666666667,0.233333333,1000,15,12,3,2.333333333,3.666666667,0.233333333
wire,7.5,1,1,soy,1,1,soy,400,3,10,3,3,3.333333333,0.1,1000,3,18,4,2.625,2.875,0.15
wire,7.7,0,0,none,0,0,none,400,16,41,4,2.875,1.083333333,0.1,1000,101,62,4,2.875,1.083333333,0.1
wire,7.75,0,1,cotton,0,1,cotton,400,18,13,2,1.5,3.5,0.3,1000,18,15,3,2,2.666666667,0.3
wire,8,1,1,corn,1,1,corn,400,3,10,3,3,3.333333333,0.1,1000,3,18,4,3,2.875,0.15
wire,8.75,0,1,cotton,0,1,cotton,400,30,13,2,3,1,0.1,1000,101,17,3,5.666666667,1,0.1
natural,9,0,0,none,0,0,none,400,18,13,3,2,2.666666667,0.3,1000,18,15,3,2,2.666666667,0.3
wire,9,0,1,cotton,0,1,cotton,400,26,20,5,2.7,1.666666667,0.15,1000,26,20,5,2.7,1.666666667,0.15
wire,9,1,1,soy,1,1,soy,400,0,0,2,2.75,1.75,0.225,1000,0,0,2,2.75,2,0.25
wire,10,1,0,none,1,0,none,400,15,11,3,2.333333333,3.833333333,0.1,1000,15,12,3,2.333333333,3.666666667,0.233333333
wire,12,0,1,cotton,0,1,cotton,400,3,12,3,3,3.333333333,0.1,1000,3,18,4,2.625,2.875,0.15
wire,12,0,1,corn,0,1,corn,400,18,13,2,1.5,3.5,0.3,1000,18,15,3,2,2.666666667,0.3
wire,12,1,1,soy,1,1,soy,400,7,6,2,3.25,6,0.075,1000,12,12,2,3.25,6,0.075
wire,16,1,1,rice,1,1,rice,400,51,0,2,8.4,8.85,0.3,1000,101,4,3,8.333333333,7.6,0.283333333
wire,6.8,1,0,none,1,1,soy,418,1,6,2,1.5,6,0.3,1018,7,10,2,1.5,6,0.3
wire,7.25,1,1,soy,1,1,soy,418,6,7,2,1.5,6,0.3,1018,22,10,2,0.75,6,0.3
anthropogenic,7.6,0,0,none,0,1,rice,418,1,6,2,1.5,6,0.3,1018,7,10,2,1.5,6,0.3
natural,6,0,0,none,1,0,none,240,51,14,2,8.4,8.65,0.33,1055,101,29,4,5.75,5.15,0.2475
wire,12,1,1,soy,1,1,soy,200,51,17,2,1.4,1.7,0.3,1070,97,23,5,2.82,3.28,0.526
wire,7,1,0,none,1,0,none,490,51,10,2,4,2,0.08,1090,101,18,2,4,2,0.15
wire,7,0,0,none,1,0,none,570,51,30,5,7.82,5.96,0.52,1200,101,32,5,7.82,5.96,0.52
wire,12,0,0,none,0,1,cotton,450,51,10,2,4,1,0.08,1260,101,18,2,4,2,0.15
wire,5,0,0,none,0,0,none,350,9,19,4,3,5,0.12,1600,10,25,4,3,4.85,0.12
natural,2,0,1,cotton,0,1,cotton,410,9,13,3,0.916666667,1.166666667,0.166666667,2000,50,20,3,0.916666667,1.166666667,0.166666667
wire,5,1,0,none,1,1,cotton,350,7,14,2,1,1.375,0.15,2000,50,18,3,0.916666667,1.166666667,0.166666667
